<?xml version="1.0" encoding="utf-8" ?><x:xmpmeta xmlns:x="adobe:ns:meta/" ><rdf:RDF xmlns:rdf="http://www.w3.org/1999/02/22-rdf-syntax-ns#" xmlns:xmp="http://ns.adobe.com/xap/1.0/" xmlns:xmpDM="http://ns.adobe.com/xmp/1.0/DynamicMedia/" xmlns:xmpG="http://ns.adobe.com/xap/1.0/g/" xmlns:tsc="http://www.techsmith.com/xmp/tsc/" xmlns:tscDM="http://www.techsmith.com/xmp/tscDM/" xmlns:tscHS="http://www.techsmith.com/xmp/tscHS/" xmlns:stDim="http://ns.adobe.com/xap/1.0/sType/Dimensions#" xmlns:stFnt="http://ns.adobe.com/xap/1.0/sType/Font#" xmlns:dc="http://purl.org/dc/elements/1.1/" ><rdf:Description tsc:version="2.0.0" dc:title="BeachBoysPt1" dc:date="2014-12-07T19:39:03-5:00" dc:creator="" dc:Description="" dc:source="Camtasia Mac - 2.9.1" tscDM:iPodExplicit="false" tscDM:keywords="" tscDM:thumbnail="" tscDM:firstFrame="" ><xmpDM:duration xmpDM:scale="1/1000" xmpDM:value="333533" ></xmpDM:duration><xmpDM:videoFrameSize stDim:unit="pixel" stDim:w="1152" stDim:h="720" ></xmpDM:videoFrameSize><tsc:langName><rdf:Bag><rdf:li xml:lang="en-US">English</rdf:li></rdf:Bag></tsc:langName><xmpDM:Tracks><rdf:Bag><rdf:li><rdf:Description xmpDM:trackType="Hotspot" xmpDM:frameRate="f1000" xmpDM:trackName="Hotspots" ><xmpDM:markers><rdf:Seq><rdf:li><rdf:Description xmp:label="1" xmpDM:startTime="3066" xmpDM:duration="4000" tscDM:boundingPoly="67,130;664,130;664,250;67,250;" tscDM:rotate="0" tscHS:pause="1" ></rdf:Description></rdf:li><rdf:li><rdf:Description xmp:label="2" xmpDM:startTime="5100" xmpDM:duration="1966" tscDM:boundingPoly="134,261;297,261;297,335;134,335;" tscDM:rotate="0" tscHS:pause="1" ></rdf:Description></rdf:li><rdf:li><rdf:Description xmp:label="3" xmpDM:startTime="319233" xmpDM:duration="1100" tscDM:boundingPoly="482,458;668,458;668,542;482,542;" tscDM:rotate="0" tscHS:pause="1" ></rdf:Description></rdf:li><rdf:li><rdf:Description xmp:label="4" xmpDM:startTime="320333" xmpDM:duration="1933" tscDM:boundingPoly="149,297;370,297;370,541;149,541;" tscDM:rotate="0" tscHS:pause="1" ></rdf:Description></rdf:li><rdf:li><rdf:Description xmp:label="5" xmpDM:startTime="322266" xmpDM:duration="1666" tscDM:boundingPoly="782,298;1003,298;1003,542;782,542;" tscDM:rotate="0" tscHS:pause="1" ></rdf:Description></rdf:li><rdf:li><rdf:Description xmp:label="6" xmpDM:startTime="323933" xmpDM:duration="1733" tscDM:boundingPoly="124,260;395,260;395,500;124,500;" tscDM:rotate="0" tscHS:pause="1" ></rdf:Description></rdf:li><rdf:li><rdf:Description xmp:label="7" xmpDM:startTime="325666" xmpDM:duration="1633" tscDM:boundingPoly="457,281;732,281;732,525;457,525;" tscDM:rotate="0" tscHS:pause="1" ></rdf:Description></rdf:li><rdf:li><rdf:Description xmp:label="8" xmpDM:startTime="327300" xmpDM:duration="1233" tscDM:boundingPoly="647,247;869,247;869,492;647,492;" tscDM:rotate="0" tscHS:pause="1" ></rdf:Description></rdf:li></rdf:Seq></xmpDM:markers></rdf:Description></rdf:li></rdf:Bag></xmpDM:Tracks><tscDM:controller><rdf:Description xmpDM:name="tscplayer" ><tscDM:parameters><rdf:Bag><rdf:li xmpDM:name="autohide" xmpDM:value="true" ></rdf:li><rdf:li xmpDM:name="autoplay" xmpDM:value="false" ></rdf:li><rdf:li xmpDM:name="backgroundcolor" xmpDM:value="000000" ></rdf:li><rdf:li xmpDM:name="captionsenabled" xmpDM:value="false" ></rdf:li><rdf:li xmpDM:name="endaction" xmpDM:value="stop" ></rdf:li><rdf:li xmpDM:name="endactionparam" xmpDM:value="true" ></rdf:li><rdf:li xmpDM:name="locale" xmpDM:value="en-US" ></rdf:li><rdf:li xmpDM:name="searchable" xmpDM:value="true" ></rdf:li><rdf:li xmpDM:name="sidebarenabled" xmpDM:value="false" ></rdf:li><rdf:li xmpDM:name="sidebarlocation" xmpDM:value="left" ></rdf:li><rdf:li xmpDM:name="unicodeenabled" xmpDM:value="false" ></rdf:li></rdf:Bag></tscDM:parameters><tscDM:controllerText><rdf:Bag><rdf:li><rdf:Description xmp:label="localSecurityError" ><tscDM:localizedText><rdf:Alt><rdf:li xml:lang="en-US">Certain features in your video are currently disabled due to Local Network Security. These features work correctly when the video is played from a Website or Server.</rdf:li></rdf:Alt></tscDM:localizedText></rdf:Description></rdf:li><rdf:li><rdf:Description xmp:label="replayButtonText" ><tscDM:localizedText><rdf:Alt><rdf:li xml:lang="en-US">Replay</rdf:li></rdf:Alt></tscDM:localizedText></rdf:Description></rdf:li><rdf:li><rdf:Description xmp:label="resultText" ><tscDM:localizedText><rdf:Alt><rdf:li xml:lang="en-US">Results Found</rdf:li></rdf:Alt></tscDM:localizedText></rdf:Description></rdf:li><rdf:li><rdf:Description xmp:label="searchFullscreenText" ><tscDM:localizedText><rdf:Alt><rdf:li xml:lang="en-US">Search disabled in full screen mode</rdf:li></rdf:Alt></tscDM:localizedText></rdf:Description></rdf:li><rdf:li><rdf:Description xmp:label="searchText" ><tscDM:localizedText><rdf:Alt><rdf:li xml:lang="en-US">Search</rdf:li></rdf:Alt></tscDM:localizedText></rdf:Description></rdf:li></rdf:Bag></tscDM:controllerText></rdf:Description></tscDM:controller><tscDM:contentList><rdf:Description><tscDM:files><rdf:Seq><rdf:li xmpDM:name="1" xmpDM:value="BeachBoysPt1.mp4"></rdf:li></rdf:Seq></tscDM:files></rdf:Description></tscDM:contentList></rdf:Description></rdf:RDF></x:xmpmeta>