﻿<?xml version="1.0" encoding="utf-8"?><meta xmlns:xsi="http://www.w3.org/2001/XMLSchema-instance" xmlns:xsd="http://www.w3.org/2001/XMLSchema"><project id="6q92OqPzYJc" courseid="5xwx5mO9uAS_course_id" thumburl="story_content/thumbnail.jpg" title="BeachBoysPt.1" datepublished="2014-12-02T22:07:27" version="1.0.0.0" flashdata="story_content/data.swf" html5data="mobile/data.js" mobiledata="mobile/data.gz" enabledownload="true" duration="About 6 minutes" totalaudio="302908" totalvideo="0"><description>Articulate Storyline Lesson</description><keywords /><slidemeta moniker="slide" monikerplural="slides" viewslides="20" slidecountdescription="20 slides" /><author name="Tess Wilber" email="" website="" /><application name="Articulate Storyline" version="2.1.1410.204" xmlversion="3.0" /></project></meta>