﻿<?xml version="1.0" encoding="utf-8"?><bwFonts xmlns:xsi="http://www.w3.org/2001/XMLSchema-instance" xmlns:xsd="http://www.w3.org/2001/XMLSchema" fontfactoryurl="story_content/FontFactory.swf"><font id="00" name="Open SansBold Charset1 6ETo8wZgUkE"><glyphs><g i="0" c="384" p="#^DP$v%jL$v%UIDmMI7mrIzk6I_i3Isi$H6jIHzkpH0mfHEm%RE$v%yA$v%$v9e%Jz9e%$BUnBCAqSCzsXCSrcDpqtDYoID8o%iG9e%TJ9e%tM8oEMPoUMcq9NAriNzspNCrGNbqYNMoaOUn%rQ9e%aU9e" /><g i="1" c="385" p="#^VA8pVAarABdsfCgtLDgteFgtUFesyGbryG8pyG6nTF6mdF5lJD5leC5lzB6mVA6nVA8p^mK8pmKusBInuRGfwIDfwKBfweAovKywuWxVs6xir6x8p6xOlSyYjCA5iMD5iKF5ieHYiKIOjyJplmK$mmK8p" /><g i="2" c="386" p="#^DH$v%7Hfu%WGfukGcvdFKv7EfwJCfwjAfw5zZuTxGtTxfr%Txmi%BBmi%BBkqBBNr6CxsEChtODhtmFht2GesLGbrLGMo%LGmi%uKmi%uK$v" /><g i="3" c="387" p="%^GB$vYx$vYx$cGB$c" /><g i="4" c="388" p="#^gCfwSzfwuynu6xvs6xbp6xQlvyZjVz5inC5iYE5iiG5k%qG5k8Gzi8Gmh%8G$c%TJ$c%TJ$v%0H$v%iGeu%8GeuTEfwgCfw^ADht$EhtGFsslGCrpGDp%pGdppG0nJF4m2F7lwD7lgC7lABbmUAenUAfpUAgrABhshChtADht" /><g i="5" c="389" p="#" /><g i="6" c="390" p="#^$vmi%3Ami%EC1qZC1r5Dos%aDosiD8rHD1q%dGmi%dKmi%rEKxEDTzaCXAIA$BKy$BNx$BRwNB%RwQywx$yjy$yiz$y1AoyNANxbBzw%pBVv" /><g i="7" c="391" p="#^NxPeNx$cPz$cRB$cRBPeRBHfkBagQAFgPzFgNxFgNxPe^GB$v%Yx$v%Yxmi%GBmi" /><g i="8" c="392" p="%^wBAo8DvmZGmi9LmiLFgovL$vcH$vgDtqGBLrGB$vYx$vYx$cGB$cGBtltBAo" /><g i="9" c="393" p="#^BDLkpCLkKBvl4BemZADn%bGDnaGemtFvlNELkBDLk^7EfwQAfwZyru6xCs6xgp6xQlQyZjyA5iAD5itG5i4ILjHJolHJio%HJ6q%UA6qYAHrQBBsICutiEutwFutCGetJHZsWIps%WIhvXHMvQG$vJFfw7Efw" /><g i="10" c="394" p="#^IDhtGEht2GRs%2GDvFEfwDCfwoAfwmz6vlyZtlyKr%ly9l%zw9l%zwAj%Dyki%Hzsf%4Csf%4Cmi%VFmi%VF9l%4C9l%4CJr4CwswCVsZChtIDht" /><g i="11" c="395" p="#^zF5ikG5iQGci%yGHl5GzlsFzlFDzlFCumGBonGB2p%GB$v%Yx$v%Yxmi%MAmi%jBEk%vBEk8CujdDOiiE5izF5i" /><g i="12" c="396" p="#^tHYrtH2u$F9vyEfwEBfw9Afw6z2w3yRv8xsv%8xnsaySstzctNAxtMBxtNDxtNDlsNDVrwDErfDmrBC0rXBGqQAcqgzypwy_oNxqorxIn6xZm6xVl6x4kwy5jXz5iwC5i_E5ijH9j%bGSlaFplhE8loDSksCSkPASkPALlPAfmlBDmTB_mGDIngFlo$FVoLGtp6HcqtHXqtHYr" /><g i="13" c="397" p="#^9K$v%rG$v%rG1orGxmXFPlsF4loE4lZC4ljC7mGBanGBAp%GB$v%Yx$v%Yxmi%OAmi%iB5k%vB5k1C9j4DDi7E5itF5ixI5iCJ5k%XJ5kvK8jzLDiDM5iZN5iiQ5iuRhjGStkGS5n%GS$v%XO$v%XO1oXOxmrOPlYN4lUM4lwL4lQK2m9K0n9K8p" /><g i="14" c="398" p="%^aJ$v7IdrIGblCGbl7E$v7A$vewmiYzmiwBoo#VB0qiCTsmCTs#qCXrOCWp_CUoGEmiNIminKUo#qK9pxKHp#EKcqKKOq#QKorVKZr#_Kxs$KTs4LTs#bL_rtLsq#LLWoTLoovNmi9RmidN$v" /><g i="15" c="399" p="#^yK$v%QG$v%QG1oQG4lDE4l3D4lmC8mGBbnGBAp%GB$v%Yx$v%Yx$c%GB$c%GBSgGBjhAB_i%vB5k%HB5kXC5iFF5i3I5iiJojyKGkyK5n" /><g i="16" c="400" p="#^vF9l%gC9l%gC$v%yy$v%yy9l%vw9l%vwmj%yymi%yylhyy0fHzYdRATcnDTciFTcOGrd%RFagJEQfMDQf_CQfDCiggCMggCvh%gCmi%vFmi" /><g i="17" c="401" p="#^vF9l%gC9l%gC$v%yy$v%yy9l%vw9l%vwmj%yymi%yylhyy0fHzYdRATcnDTciFTcOGrd%RFagJEQfMDQf_CQfDCiggCMggCvh%gCmi%vFmi^bP9l%YL9l%YL$v%eI$v%eI9l%bG9l%bGmj%eImi%eIlheI0fnJYdxKTc3NTc_OTcuQrd%xPagpOQfsNQfGMQfjMigYLMgYLvh%YLmi%bPmi" /><g i="18" c="403" p="#^mz4q%mzapmz$nSz8nmAgmHBhlZCmknDOjNDdjNDwiNDJhcDjhDCUgzBUgKzUgox4i%3wpfNyUdRBUdlEUdQF5fjHigjHjijHFjIGEk5GCloEQmdDInVC9oBCCoBClp%BC4q^ZyfuZydtwzIs3Aas7Bas7CasGCIseDeteDfueDcvGCMv7Ckw7Bkw5AkwxzNvZyevZyfu" /><g i="19" c="404" p="%^ODvlwH9eBL9eGF2pGF$vVB$vVBap_v9e5A9e" /><g i="20" c="405" p="#^uDfw6xfw6xfp6xMlRyXjAA5iPD5ibG5i4I0j%ZGUl5GxlkFjlAE5lPD5lVA5lVAdpVAetPDetUEetPFYsKGFsEH2s%EHevKGOvPF0wUEfwuDfw" /><g i="21" c="406" p="#^rFfw1DfwGBvu%tBvuGBcwGBtw%GB$B%Yx$B%Yxmi%ZAmi%vB6k%GB6k_C5iyF5iYH5ikJZjIKQlIK8pIKkr3KYsqJzueIpv2HfwrFfw^lE4lZC4lkCWlHBMmGBJo%GB7pGBkrkChs_CetoEetVGetVG5pVG4nhG4mGF4llE4l" /><g i="22" c="407" p="#^BDkt0FktGFwslGIrpGGp%pGdppG0nJF4m2F7lyD7lVA7lVAfpVAirzBjsdCktBDkt^gCfwSzfwuyou6xws6xbp6xRlvyZjVz5ilC5iED5iBEAizF3jiG5k%pG5k%KGmi%TJmi%TJ$B%8G$B%8Ghw8GxviGeu%8GeuyFdvyEKvzDfwgCfw" /><g i="23" c="408" p="#^yK$v%QG$v%QG1oQGxmiGPlNF4lDE4l3D4lmC7mGB9nGBAp%GB$v%Yx$v%Yxmi%OAmi%iB5k%vB5k7C5jdDBijE5iIF5i4I5ijJnjyKFkyK5n" /><g i="24" c="409" p="#^yF5iYH5ikJ_jIKSlIK8pIKxshJouTHfwrFfw1DfwGBvu%pBvu%OA$v%Yx$v%Yx$c%GB$c%GBqhGBfiwB6k%GB6kZC5iyF5i^lE4lZC4lkCWlHBMmGBJo%GB7pGBkrkChs_CetoEetyFetdGasVG6rVG5pVG4ndG4mxF4llE4l" /><g i="25" c="410" p="#^QJli%QJdk%HHNkhIHlhIRmhI1pKGgqcFvruCvr%PBsr%gBorHAQrHAnsHAatLCat%3FatjHatuI8uGJ5vGJZwGJmzGHGAGF$BXB$B4z$Bzx$A3w$z3wdy3w_wQw9wCxkv5zZuwyJu5yauGxCtGx_sGxds6yIrzyarqzGqlycqJxbp5x9o5xMm5xxkyyjj$z5iHC5igD5i2EbiREhi3Fli^hzWxhzHy0A7zMAAz5CAz5EAzeF0znGtynGwxnGLwIFsw1FawDDaw%HBawGAawZzEwhz7xhzWx^EAPmEAXn8BBoFBepHCepLDepeEBoJEXnJEPmJEmkHCmkEAmkEAPm" /><g i="26" c="411" p="#^qxfuqxdtZxIswyaszzasAAas7BIsHBetHBfuHBcv7BMvzAkwzzkwyykw_xNvqxevqxfu" /><g i="27" c="412" p="%^wI$vey$vey9ewI9ewIfh0Cfh0Cal3Ial3Igo0Cgo0CTswITs" /><g i="28" c="413" p="#^CG$v%UF8u%NF8uREjvRDNvSCfwgBfwizfway7v2x$t2xWr2xLpzyJo4AHn8DAn%vFwn%vFVmvFRkoDRkLBRkyzQl%jyjjGA4ixD4ihG4iKHhjcJtkcJVm%cJ$v^vFHp%3EKpsCNpFBjqSARqSAYrSAxtGCxtYDxtJENsvF1svFOq" /><g i="29" c="414" p="#^vF9l%gC9l%gC$v%yy$v%yy9l%vw9l%vwmj%yymi%yylhyy0fHzYdRATcnDTciFTcOGrd%RFagJEQfMDQf_CQfDCiggCMggCvh%gCmi%vFmi^tHPetH$cvJ$cxL$cxLPexLHf0LagwKFgvJFgtHFgtHPe^mL$v%EH$v%EHmi%mLmi" /><g i="30" c="415" p="#^qxfuqxdtZxIswyaszzasAAas7BIsHBetHBfuHBcv7BMvzAkwzzkwyykw_xNvqxevqxfu^qxakqx8jZxDiwy5izz5iAA5i7BDiHB9jHBakHB9l7BIlzAfmzzfmyyfm_xJlqxalqxak" /><g i="31" c="418" p="#^MI2rMIst1HSuiFfwbCfwlzfw8xav%8xFrXyssbAOssB7tuC7tKD7toEFs3Fas3Fdr3FIqMEiqtETpVDvplD7pBBioYzxn8zQmky6mQxallxdklxZilxBgYyffzAUdoDUdNEUd2GdejHyeHI8f%tH5i1Gvh5FhhaE2hgD2hbC2hCByh2B2i2BRi2BljhBJjwB5k0CrkwCNkpEHlWGUmRH5oMIipMI2r" /><g i="32" c="419" p="#^ey9e%OD9eBH9eiJef0Ljg0LFi0LgkgKilwJjmgIvm%gIEmZJ0nJK3otL5ptLPqtLftIJDuXH$vWE$v%ey$v^0Cdl%dEdlMFdlsGLk8Hgk8H9j8H8ioGIhEFfh0Efh%0Cfh^0Cdo%0CTs%uETs2GTsOGhsyHGryHrqyHdomEdo" /><g i="33" c="420" p="%^7F$vlB$vlBjhvwjhvw9eZJ9eZJjh7Fjh" /><g i="34" c="421" p="%^KA1plwmizAmidDHmUFmi6KmiGF1pkK$v5G$vdDkrlA$v6w$v" /><g i="35" c="422" p="#^QF2hHD2hwCFilBfklB7nlB5tQF5tIH5tnK8s%nKkvbIfwtFfwABfwvzUtrxwrrx5nrxjksyditz7gmB0fgDUdQFUdqIUd2L8f%QJdiQILhPHphOG2hQF2h" /><g i="36" c="423" p="%^ey$vey9e1C9e1C$v" /></glyphs></font><font id="10" name="Open Sans Charset1 6dF3TBUdtWg"><glyphs><g i="0" c="384" p="%^_C4nLH9e$J9e1E4p1E$vXB$vXBap$v9egy9e" /><g i="1" c="385" p="#^ODfwQAfw6zruoxDsoxqpoxam_yhkAAnigDniNFnifH1kJIGlJIoo%JIGp%vzGpzz1sHAgtPBuuTDuu1Guu8IAt%8Inv3HRv6G2w9FfwODfw^fD4kEB4kGA7lJzamyz1o%yG1oyG6mHF5lQE4kfD4k" /><g i="2" c="386" p="#^MGlsMGdunFev_DfwtBfwPyfwkxov%kxwthy$toziuvAAuwBAu6DAuYD4uPEztPEwsPEKr7EbrsDDqvBSpDzapQyFo2y7oFxtnhxPmhxUlhxgkCykjYznigCniqEniuGfj%MFVkLD4k7C4kGA4kXzxkdzZkdzMldzimuzHmMz3nnApn_AKnJCoo5FfpWF8qMG0rMGls" /><g i="3" c="387" p="%^oM$v0K$vgA0haA0h#mAFjmARlmA$vsy$vsy9eOA9ewK3tCK3t#BKKsvKYq#qK9prKoorK9eoM9e" /><g i="4" c="388" p="#^HJipHJzs1IpuoGfwuDfwHBfwiApvVyzu8y_soxproxipox0m1zckGAnizDninGni1IfkHJ6mHJip^vzhpvzSrwActyByuxDyuwFyuyGctAHSrAHhpAHKmyGqlwF5kwD5kwB5kvAplvzImvzhp" /><g i="5" c="389" p="#^XN2nXNkrMLOtCJfwLFfwOBfwFzRtwxqrwx1nwxGiFzhgPBTdMFTdCJTdMLjgXNLiXN2n^Jz2nJzHqfBzsOCruLFruJIrudKzsKLHqKL2nKLsjdKBhJIKfMFKfOCKffBChJztjJz2n" /><g i="6" c="390" p="%^lL$vUI$voClnwA$owA$vsy$vsy9ewA9ewA$mCI9e3L9eUDVl" /><g i="7" c="391" p="%^XD$vSB$vSB$fdw$fdw9eBJ9eBJ$fXD$f" /><g i="8" c="392" p="#^iH$v%iHlniHJlyGWkPF6kdE6k6C6k8BflaAomaA$o%aA$v%7y$v%7y$c%aA$c%aALiaANj3Atk%bAtkOAwjUBZi$CpiqEpiTGpi5IAjkJKkkJgn%kJ$v" /><g i="9" c="393" p="#^nG$v%ZF5u%TF5uTElvTDOvTCfwoBfwpzfwgydv8xbu8xis8xfoDD2o%UF_n%UF8nUFAldFQkyE4k2D4knB4kgz5l%EyyjDz0jOAJi_BpiaDpizFpiJGtjTHwkTHSm%TH$v^OBAuHDAuMEytRFvsRFDq%RFqp%PDvppBApkAfqgzWqgzksgzptWz$tBAAuOBAu" /><g i="10" c="394" p="#^tCAu$CAuvDvu$DpuiEku%iETvZD1wkD8wHCfwaCfwhyfwhy9s%hyck%nwck%nwdj%hyni%8zxf%jAxf%jADi%cEDi%cEck%jAck%jA3sjAhtUAXttBAutCAu" /><g i="11" c="395" p="%^Uz9epzCk6yCkCx9e" /><g i="12" c="396" p="#" /><g i="13" c="397" p="#^fEni8FniRFwi%zFokKEdk5EdktCdkjBxlaARmaAPo%aA$v%8y$v%8yDi%PzDi%2A5l%8A5lUANjXB4j_CnifEni" /><g i="14" c="398" p="#^aA$v%8y$v%8yDi%aADi^Zx$eZxiejy_dFyFdazFdFzFd$z_dmAjemA$emAGf$z0gFzmgazmgFymgjy0gZxGfZx$e" /><g i="15" c="399" p="#^5JDi%5JVj%DGckYGDkdHjlvH$lvHSmvHQo9G$pPEartCarSBarlB3r2ALr2AOs2AltvACtYATt2CTt%qETtBGTtLHOuWIIvWIrxWIFz8HQAmF$BXB$Bjz$BUx0Btw2Atwfytw1xfx8w1yfvszXuXyIuAydueyKtey4teylsDyOr0zfrSzKqQyjqayipwxgowxXmwxLkQyzj9AniACniDDnitEDi^qyeyqykzkzUzfAsAZBsAwEsAKFHzZGWyZGCxZGwwiG5wDFHvMDHv%lBHvZzHvbzlwqy$wqyey^wzVmwziojA1p6BLpxCLpvFLpvFSmvFSjuCSj3BSjhADkwzolwzVm" /><g i="16" c="400" p="#^Zz4r%Hy4r%3y9e%BA9e^RxIuRx2tjz2t0A2toAttNAUtNAIuNAuvoAWv$zmwjzmwGymwfyZvRxAvRxIu" /><g i="17" c="401" p="#^2ADi%2Air2AWsNAKtxByu7DyudFyubGpt9Hfs9HEp%9HDi%bJDi%bJ$v%wH$v%dHcu%6HcuuGbvnFJvhEfwSCfwqAfwcz5v$xWt$xnr%$xDi" /><g i="18" c="403" p="%^aA$v8y$v8y$caA$c" /><g i="19" c="404" p="#^uDfwAAfw_ysuoxFsoxopox1m$yckDAniDDniBEniyFAiwGNi3H3j%sGNkNFwk_ElkbEakADakvzakvznpvzRruAatuBuurDuu6FuuTGLt%TGyvxFfwuDfw" /><g i="20" c="405" p="#^eHcu%7HcuKFfwXCfwjAfwRysuoxFsoxlpox1mSyckkAniXCniFFni6Hlk%gHlk%bHnj%7Hri%7H$c%9J$c%9J$v%wH$v^bDyugFyubGqt7Hhs7HMp%7Hlp7HvmaGileF4kaD4koB4krAtlvzRmvzmpvzWrrAetnByubDyu" /><g i="21" c="406" p="#^mEfw3DfwZBMvUAhvaAhu%0AhuaAsvaAvw%aA$B%8y$B%8yDi%NzDi%3Ark%aArkYAlj_BSi0DnimEni0HnisIbkVJ$lVJipVJBsrIquZGfwmEfw^3E5k0C5k5BelbAmmaARo%aAhpaA6s6Bkt2Cyu7EyuRFyuQG8tPHKrPHgpPHMmQGrlRF5k3E5k" /><g i="22" c="407" p="#^iH$v%iHkniHIlyGVkPF5kdE5k7C5k8BelaAmmaAZo%aA$v%7y$v%7yDi%NzDi%7Ark%dArkRAsjYBWi4DnitEniTGni5IyjkJIkkJgn%kJ$v" /><g i="23" c="408" p="#^RxIuRxTtdyttBy2tiz2t$z2toAttOATtOAIuOAvvoAXv_zmwizmwGymwfyZvRxAvRxIu" /><g i="24" c="409" p="#^4GLf8DLfrBIhKzFjKz4nKzAqnBvs0Dpu3GpuWHpujKKt%jKyvtIfwKFfwOBfwFzStwxsrwx2nwxhkyyciAz7gwB0ftDUd6GUdWIUd0LVe%8KHg5ILf4GLf" /><g i="25" c="410" p="#^YAgk%MA_jsBnhXC9e%rE9e4EyfIDjhlD4jbDgk^rwgk%iw_jzwUi9xghMxDfry9e%Yz9e7zfhHygk" /><g i="26" c="411" p="%^wA$vsy$vsy9eoI9eoI$fwA$fwAxmWHxmWHnowAno" /><g i="27" c="412" p="#^gA5t%sAmt7ABuxzcwXyPxhydz%Mwdz5xXxux3wUxcu2y5t" /><g i="28" c="413" p="#^Mz9e%YzqeDzEf1zghryTiNxgk%iwgk9xNgyx9e^gE9e%rEqe8ExfyD9hZCMiiCgk%MAgk4B1juB9hUBhf2C9e" /><g i="29" c="414" p="%^sy$vsy9ewA9ewA$v" /><g i="30" c="415" p="#^iGFm%mMFm%mMkvYKNvuJ0w0Ifw5Gfw1CfwMzRtwxqrwx3nwxhkDybiLz5gRB$eYDUdMGUdDJUd5MXe%iLMgTILfEGLfnDLfyBHhJzDjJz4nJzHquBzsfDruFGruwIruhK$t%hKwo%iGwo" /><g i="31" c="418" p="%^FJ$vsHkqiAkq5y$v$v$v2D4eOE4eQL$v^OGsoJEWi#kEShUDlg#DDwh7DWi1Bso" /><g i="32" c="419" p="#^wIfrwICtOGXu5FfwaCfw$yfwhxqv%hxqtoyUtGzauZArueCrujErumFEtqGRsqGrrqGwq2GWpGFkpOEQoWDko8CHnFzOmAyAlwxmkwxoiwxkg3z6fDAUdaDUdQFUd3ISe%qHGgcFLf7DLftBLfyAsgDz9hDzqiDzljYzXjiAxk6B1lWBwlBD6mpG7nsHgowIppwIfr" /><g i="33" c="420" p="#^aEbk%MAbk%MA$v%Ky$v%Kybk%lwbk%lwgj%Kyyi%KyOhKyTc1DTc6ETcxFid%0FWeRDye0DyeSByejBjfMA3gMALh%MACi%aECi" /><g i="34" c="421" p="#^aEbk%MAbk%MA$v%Ky$v%Kybk%lwbk%lwgj%Kyyi%KyOhKyTc1DTc6ETcxFid%0FWeRDye0DyeSByejBjfMA3gMALh%MACi%aECi^EI$v%CG$v%CGDi%EIDi^rG$erGieNG_d7HFdEHFd7IFdtI_dQIjeQI$eQIGftI0g7ImgEHmg7HmgNG0grGGfrG$e" /><g i="35" c="422" p="#^Mz9e%YzqeDzEf1zghryTiNxgk%iwgk9xNgyx9e" /><g i="36" c="423" p="#^WL9e%WLIpWLLs4KvueIfw0FfwOBfw1AuugyJsgyFp%gy9e%lA9e%lAOplA1szBetNCru9FrupHruDIetRJ1sRJNp%RJ9e" /></glyphs></font><font id="20" name="Rockwell Charset1 5fRguqMJw9p"><glyphs><g i="0" c="256" p="%^yyTtyy8hlw8hlw0fiD0fiD8hcB8hcBTtqGTtqG5oPI5oPI$vlw$vlwTt" /><g i="1" c="257" p="%^UBTtUB8hny8hnytlhwtlhw0f2K0f2KtlYHtlYH8hsE8hsETtFGTtFG$vJz$vJzTt" /><g i="2" c="258" p="%^TyTtTy8hGw8hGw0fOK0fOK7kII7kII8hrB8hrBbmMHbmMHjorBjorBTtIITtIINqOKNqOK$vGw$vGwTt" /><g i="3" c="259" p="#" /><g i="4" c="260" p="#^7Bbo%7B5mVC5mJDUlxEGl_E3lrFrkrFvjrFmiMEyh5EKgNCKglBKgGABh0AriZz9k%Cx9kCxdh2z_fvALeBCLe9FLesG0gLHghLHdjLHFk$GElgGDmkF2nwI_nwI5rwIHtMG_u1FgwHCgwHzgwfyGuQw3tQwfq%4zfq7zbs7Aet8BguPCgulEgudFqt5Gzs5Ggr5GVp3F2p2EaoOBaovBao7Bbo" /><g i="5" c="261" p="%^Jy$vJyXt_AXt#9BEqvC3n#RDtjpFehAzehAzwjuxwjux2f4I2f4INg#qGMiXEPm#sDSqsDXtrFXtrF$v" /><g i="6" c="262" p="#^Rz7nmxGlmxcjmx1hVyUfsALeCCLeaFLeFGYf9I8h9Icj9IElFF7nHIioHIjrHIzt6HWuyFgwUCgwUzgwmyWuQwztQwjrQwioRz7n^FzqjFzMkvAtllBamQCam4EamZEvlSFPkSFqjSFMgGCMgiBMgtAshFz7iFzqj^izdrizzsdAqt8BhuLChugEhueFstdGDsdGcrdGSpiF0poE9oGC9obB9oeAZoizNpizdr" /><g i="7" c="263" p="%^8ybn8ybk8Bbk8Bbn^8y$v8y$s8B$s8B$v" /><g i="8" c="264" p="%^lCaw1y8h$v8h$v0fuC0fuC8hrA8hFDfsLG8hKE8hKE0fxM0fxM8hxK8hDNfsMQ8hNO8hNO0f$U0f$U8h$S8hMOawkMawvIKiJEaw" /><g i="9" c="265" p="#^pJHq%tzHqHzjsLAktQBluvDluXFlulHos%pJhtoIQuOGBvcFlwsDlwLAlwQyFuVwYsVw5qVwmnMyClEASj4DSjsFSjoHAlkJhnpJHq^0H$oMGLnIFLmFEKl8DKlLBKlLAEmMzynyz$o" /><g i="10" c="266" p="#^Fw$v%FwXt%LyXt%Ly4h%Fw4h%Fw0f%0B0f%0BSlLCSjiFSjLHSjpJxl3Lcn3LYp3LBsrJpuPHcwhFcwTDcwHCBvwBZu0Beu%0B$v^4B6q4BYrcC2tlD7uQE7unG7uvH_sEIQrEIUpEI1owH$moGZlUEZlpDZleC1n4B5o4B6q" /><g i="11" c="267" p="#^DyTt%Dy8h%jw8h%jw0f%TC0fBF0f3HifxIzfVJzgiLyh7MhjYM$kYMdnYMKp9MBrmLrt3KmuNIgv$GEveF$vuC$v%jw$v%jwTt^bBTt%wCTtMETt4GBtoHjtiIEscJYrMJBqkKdpkKmnkK9lpJDjuI4i2HChCF8hDC8h%bB8h" /><g i="12" c="268" p="#^1x$v%1xYr%6zYr%6zlsdzat$zJtNAfuSBfu_CfuFDStkEstkEMskE5sMDNrcDsrzBbr7zNq4ySp2xXo2xtn2x_lay$kjz$j9B$jQC$j2EHk%2Ebk%6Gbk%6G6o%2E6o%2Enn5DWljBWloAWlOzkmdzJmdznndz2oLziohAyo5CQoPD6pHEtpzFQp8GGqKGvrKGCsKGfutFevcEcwbCcwiAcw6zkv%6z$v" /><g i="13" c="269" p="#^jyagjyCfIycf5zNeJzNehANeIAbf7BAf7Bag7BLgIAahhAAhJzAh7zAhJy9hjyKgjyag^FyXt%Fyfm%Qwfm%Qwbk%ZAbk%ZAXt%OCXt%OC$v%Qw$v%QwXt" /><g i="14" c="270" p="#^lLbk%lLfm%dJfm%dJ2vdJQw1JHxRIyy8IrzrHkA1GXAEEzBVCzBiAzBfyZz%LziyiBvz5Dvz6EvzYE6zPFJyeGayFGDxNG7xVGEwVGtv%VGoulG5vaFJv$DlwCClw3AlwtyAuTwPsTwfqTwsnDyKloA$jJC$j3F$jVGSl%VGbk^lzcqlz$rnA8tqBhu2DhuEEhuNF8tXG_rXGbqXGnoNFhnEEam7DamCBamtAgnlzlolzcq" /><g i="15" c="271" p="#^3Bbk%3BClhD$j7F$jhG$j1HykNH4l0ITlfIFmfIao%fIXt%eKXt%eK$v%XF$v%XFgoXFWmxFwm7F6mxE6m$C6m3BCn%3BXt%5DXt%5D$v%Gw$v%GwXt%LyXt%Lyfm%Gwfm%Gwbk" /><g i="16" c="272" p="#^pyXt%pyem%Hwem%Hwbk%pybk%pytipyjgjzvfeAGetBGe9EGeBEoh%wCJhpCAgDBAg6BAgVAXgJAihJAti%JAbk%LCbk%LCem%JAem%JAXt%ZCXt%ZC$v%Hw$v%HwXt" /><g i="17" c="273" p="#^Yw5qYwmnLyClzASj9DSjIFSjxHBlnJjnnJ5qnJTsyHCuJFlw9DlwwAlwKyBuYwQsYw5q^pz5qpzQruAYsAB4u9D4uLE4uQFYsWGPrWG5qWGloPFenJE6m9D6mwB6msAfnpzoopz5q" /><g i="18" c="274" p="%^XyXtXyfmzwfmzwbkOAbkOARm#aBOlSB7l#zCrklDdk#7E$jsF$j4G$j4GlmCFlm#QDlmYCIm#4C2nFB_n#fBVofBkrfBXtQDXtQD$vzw$vzwXt" /><g i="19" c="275" p="#^XIXt%XI$v%UE$v%UEyucDcw7Bcwwzcwky9v8x5u8xss8xPqoyKpFzEorBEo5DEoFEEp%FEtoFEznuE4njEAmGDcm2DPl1CPliAPlwzcn%ixBmMySjoCSjJDSjHEdkFFAk7G8lCGIlNGnmYG1nYGto%YGXt^FECr8DrqBBrqEArq$z$qmzyrmzrsmzhtWzRtuAputBpu8DpuFE_s" /><g i="20" c="276" p="%^zAcwpxfmZvfmZvbkXAbkXAfmozfmDBntVDfmCCfmCCbkkIbkkIfm1HfmhJntyLfmYJfmYJbkgPbkgPfmzNfmoKcwcIcwvFEnKCcw" /><g i="21" c="277" p="%^KyXtKy4hCw4hCw0f2B0f2BDpsF6mvD6mvDbk1Kbk1K6mdI6mNDNpYHXt1KXt1K$v_G$v2B2q2BXt4DXt4D$vCw$vCwXt" /><g i="22" c="278" p="#^FyXt%Fy4h%ww4h%ww0f%ZA0f%ZAxl2DSjWESj5GSjRGlkCHQkUHDlaIqmaIZn%aIXt%bKXt%bK$v%SF$v%SFNoSFrnMF_mHFxmiFfmVEYloEYl2DYlZAtn%ZAXt%0DXt%0D$v%ww$v%wwXt" /><g i="23" c="279" p="#^FyTt%Fy8h%zw8h%zw0f%cC0fxE0fHFifSGzfLHJgFIShFIojFIAk7IxlBHumzGZm_HtnLIBowJJpwJarwJqsXIstnIuurH2vvGCvnFPvgE$vkC$v%zw$v%zwTt^dB5m%PC5mEE5mmFsl5GOk5Gyj5G8hPC8h%dB8h^dBTt%aCTt3ETtXEHtPFutnGNsXG4sXG_qXG_ppGjpTFDo1FpocEboGCbo%dBbo" /><g i="24" c="280" p="#^5Ibk%5IFo%0GFoRFnnYEIm4E0mVC0mlB0mmA7nozdooz$pozGrjAYseBeu$CeurFeuyGWr%tIPsTGlwVClw5AlwuyquTwvsTw$pTwknDyBloASjHCSjFESj0G0l%0Gbk" /><g i="25" c="281" p="%^2CNv9yfmcwfmcwbk2Cbk2CfmDAfmbDNsHFfm7Efm7EbkSJbkSJfm5IfmeCiBkyiBkygzDAgz" /><g i="26" c="282" p="#^GIPn%ROPnRO8oROooROZrvM7u9KgwjGgwJBgwszEtcx0rcxrncxIjvzehPBLeMFLekJLeKLVg%KL0f%UN0f%UNCk%KLCk6LcjyJ6i$H0h$F0hdD0hCBUi$zMk$zpn$zsqQBesGD0ufG0uhI0uSJUssLLrKLXp%GIXp" /><g i="27" c="283" p="%^DyTtDy8hOw8hOw0f0D0f0D8hbB8hbBTt0DTt0D$vOw$vOwTt" /><g i="28" c="284" p="#^kyez%kyfm%lwfm%lwbk%EAbk%EA1mmC$jQE$jkH$jYIIlBKpnBK8qBK0tPIHu2HlwNElwrClwEAxu%EAez%XCez%XCiB%awiB%awez^BAfqBAer$A7spB0thCDt9DeulEeu$Feu4H7taI$raI3qaIao1H6nVF2mtE2mWC2mLBcnBAloBAfq" /><g i="29" c="285" p="#^Mwfm%Mwbk%iybk%iyni%CAfg%CAbk%OCbk%OCfm%CAfm%CA_rCAmtLAHtVA0uwB0uaC0uOCMt%OCTvVBcw0BcwYzcwhzKvDyfvsyyuiyRtiy6s%iyfm" /><g i="30" c="286" p="%^ByTtBy8hrw8hrw0fDJ0fDJ8kxH8kxH8h9B8h9BamFGamFGio9Bio9BTtkDTtkD$vrw$vrwTt" /><g i="31" c="287" p="#^MyXt%Myfm%Owfm%Owbk%4Bbk%4BGlaD$jaF$jbH$jZHQlgK$jgM$jpN$j8OvkUO$k8PNlpPzmpP3o%pPXt%tRXt%tR$v%5N$v%5Nuo5Ntn$M2nVMDmxMmm9M4mDL4m8K4mfIBn%fIXt%hKXt%hK$v%XF$v%XFgoXF6nBFBmgF4msE4m7D4m4BBn%4BXt%9DXt%9D$v%Fw$v%FwXt" /><g i="32" c="288" p="%^FyTtFy8hDw8hDw0fqC0fTGFqoL0fgR0fgR8hdP8hdPTtgRTtgR$vTK$vTKTtVMTtVM8h2HawyGawLA8hLATtDCTtDC$vDw$vDwTt" /><g i="33" c="289" p="#^zLXt%zL$v%7H$v%7HgunFcwUCcwAAcwQyDu5x2t5x8q5xdnTyylGASjXCSjkFSj7HLl%7H4h%SE4h%SE0f%rJ0f%rJXt^Az4qAz1sGA5tNB8ujD8uPE8uZF1t7HWr7HZp7H0oXF0nME0miD0mJB0mEAbnAzmoAz4q" /><g i="34" c="290" p="%^ByXtBy4hvw4hvw0fVA0fVAXtJCXtJC$vvw$vvwXt" /><g i="35" c="291" p="#^EyTt%Ey8h%vw8h%vw0f%zC0feF0fzGofUHMfNI6hHJriHJfkHJIl5JSmvI0oDHzoLG6pFFjpAEvpmCvp%cBvp%cBTt%pDTt%pD$v%vw$v%vwTt^cBsn%FCsn9Fsn7GKm5H0m5Hck5H3jAGji3GyhiFlhyE8hNC8h%cB8h" /><g i="36" c="292" p="#^QJXt%QJ$v%uF$v%uFEurDcwzBcwnAcwBzHvPy9vzylujywtjyGr%jyfm%Ewfm%Ewbk%DAbk%DAorDAHsHA8tMABt6BUttBbu0CbuEDbuuFEs%uFfm%oDfm%oDbk%OHbk%OHXt" /><g i="37" c="293" p="%^UBcw1yfmYvfmYvbkVBbkVBfmmAfmTCYsrFfmPDfmPDbkAJbkAJfmLHfm_Dcw" /><g i="38" c="294" p="#^FyTt%Fy8h%kw8h%kw0f%cD0fmF0fDGlfUHGfJIMgzJRhzJsjzJPm3GHn%4JTt%9LTt%9L$v%sH$v%BD3o%dB3o%dBTt%oDTt%oD$v%kw$v%kwTt^dBXl%cDXlFEXllFLl1GyltGZkVGokVGqjVGAisG0i0GrhmFihJE8hnD8h%dB8h" /><g i="39" c="295" p="%^RH1qIB1qqATtuCTtuC$vOv$vOvTtRxTtuCXgqAXgqA0f7J0f7JXg_GXgLLTtFNTtFN$v$G$v$GTt6JTt^dH2oXEXgIEXglC2o" /><g i="40" c="296" p="%^yyTtyy8h7w8h7w0fVB0fnJdsnJ8hZG8hZG0fXN0fXN8hrL8hrLawOIawEAGhEATt3DTt3D$v7w$v7wTt" /><g i="41" c="297" p="%^LDaw2y8hYv8hYv0fFC0fFC8hHA8h$ExsdJ8hfH8hfH0fMN0fMN8hHL8h5Gaw" /><g i="42" c="298" p="#^aHbw%GHowGJdxKKdx4LdxDL5x%KKczmKgz3KgzRIgzJGeyUEmxRDmxLCmx5CZx%nBWw5C8wgDVvcBfvNzPtmynsOxKqfx4pfxrnfxQjDzih$BLeYFLeVJLelMehOOIjOOtnOOtp0OirfN6tnLyuwJZvaHbw^2Arn2AeqGB8sjD1uZF1uBI1uiK5s$L9q$Ltn$LLkgKUiyI0hXF0hkD0hHBSi2AHk2Arn" /><g i="43" c="299" p="#^_A8h%_ADp_ACraBnsnB7tbCFt$CbugEbuNFbuBGKtpHgtGHvsXHJrXHLp%XH8h%ZF8h%ZF0f%CM0f%CM8h%uK8h%uK$puKOrkKCsaKqtvJjuQIcvBHKvnGgwEEgwICgwqBMv8AgvuzruRyCtDyGsqyKrqyLp%qy8h%kw8h%kw0f%$C0f%$C8h" /><g i="44" c="300" p="%^Dw$vDwTtIF8h8z8h8z7k2x7k2x0fZI0fZIUgIzTt9HTt9HBqfJBqfJ$v" /><g i="45" c="301" p="#^XBqr%HAqr%oA0mYAamxBam7DamQDnlyEzkyEsjyE9iNDsh0DKgRBKgpAKgJzyh1zmi1zAj1zRj1zbk%MwbkLwRjLwDjLw6heyXfJzLeMBLeeELeBF4gYGohYGyjYGElFFUmnE7oDC7ouC7oeC7o^Oz$v%Oz$s%OC$s%OC$v" /><g i="46" c="302" p="#^AL5p%ONjq2N8tNKIuwIgwAFgwJBgwozMt3xfr3xzn3xxjpz8hLBLewFLeRILe7Lzg%7L0f%kN0f%kNuk%7LukoKPiSIVhkH$gFF$g6D$guBQiSzFkSzrnSzjqBB8slDYtKFYtIHYtjJHsWKqrAL5p" /><g i="47" c="303" p="#^8y0i%8y0f%8B0f%8BCh8BXiWAGjJApk1ATkmzkl8yol%8y6kBzTjBziiBzciBz0i" /><g i="48" c="304" p="#^$Aoi%$Aol%$xol%$xNi$xshcyJgpy_f4zwfLz2f$A0f%$Ahgxzvgxz5i%xzoi^2Hoi%2Hol%2Eol%2ENi2EsheEJgrE_f6FwfOF2f2H0f%2HhgAFvgAF5iAFbiBFoi" /><g i="49" c="306" p="#^Tw$v%TwQp%$yQp%$ykrwA6uZC6ueE6u5FltZFzsZFjrZF6qfFApyE2pACwoiAVnbznn5yQmsxQlPwPkPwqjPwihdy1gEzLeOBLeQDLeAF3g%AFXe%FHXe%FH4k%AF4k%AFUigEXg_BXgBAXgRzAh6zci6z5j6zNjuzjkSzQkrA4l1BjlLCLl_Elm$FRm0HlnLHxouIJpuIfruIqtYGRuqFgw9DgwRAgw$yAu%$y$v" /><g i="50" c="307" p="%^ZChrEAXt9CXt9C$vrw$vrwXt9yXtJBWpjyfmKwfmKwbkiCbkiCfmPAfmXCzo_EfmODfmODbknJbknJfmpHfmbEVpTHXtnJXtnJ$vOD$vODXtqFXt" /><g i="51" c="308" p="#^$x0i%$x0f%$A0f%$ACh$AXiNAGjAApkUzTkdzkl$xol%$x6kszTjsziiszcisz0i^2E0i%2E0f%2H0f%2HCh2HXiQGGjDGpkYFTkhFkl2Eol%2E6kvFTjvFiivFcivF0i" /><g i="52" c="309" p="#^fxqnfxJjFzeh4CLeYFLeTJLelMehPOJjPOtnPOiriMNtNJgwWFgwsDgwnB5vjzVthyOrfxHpfxqn^2Arn2AeqGB7sjD0uZF0uBI0uiK4s$L8q$Lsn$LLkgKUiyI0hXF0hkD0hHBSi2AHk2Arn" /></glyphs></font><font id="30" name="RockwellBold Charset1 5dPUoDTPYTD"><glyphs><g i="0" c="256" p="%^Gw$vGw7tTy7tTyUhGwUhGw0fbF0fWIYoFM0fmV0fmVUh9TUh9T7tmV7tmV$vPM$vPM7tSO7tSOUhsOUhbJ$vmH$v1CUhEBUhEB7tSD7tSD$v" /><g i="1" c="257" p="#^swUh%sw0f%zE0f%zEUh%UCUh%UCypUC5r0DMr8DrsHDUseEkt4FktXFktvGVs4HusfHTrqHfrqHkp%qHUh%NFUh%NF0f%yM0f%yMUh%tKUh%tKnqtK6shKVs5KHtrJtuNIevxHJvhGcwFEcwMCcwrBGv7A8vtzguQyntEywstyErtyzp%tyUh" /><g i="2" c="258" p="#^ax$v%axdq%2Adq5AOrTAysFBitFCitsDit_DLsxEcsxEtrxEHq$D9qtDDp4CYo7zxn4ysm1xml1xvj1xhhqy3gPzReABReBDReJEqg%JE0f%BH0f%BHbk%JEbkAE_iUDkicDGhhCGhABGh5B2iCAqiCA1jCAzj$A1kpBvkmDmlfFcmfGUmgHznRHEorIJprI8rrIFtZGXuvFcwuDcwfBcw2Ayu%2A$v" /><g i="3" c="259" p="#" /><g i="4" c="260" p="%^Ry$vRyhtbBhtbBKhIyKhIy0fWE0fWEht8Hht8H$v" /><g i="5" c="261" p="#^dI4r%3I$v%cx$vcxMtzxysWxkrKybqzz1p1BGn_CUlBD3ldEdkdEajdEoiLDUhhDohBCohABoh5BdiCA2jyAYk%rxOkrxli9y5hUyRf8AifpBKeUCKejFKeIG4g5Iph5Ipj5IukGHolfHimCGWmZFxnlEIoUBrqgBtrFAusyAht%vFht%vF4r" /><g i="6" c="262" p="%^zIwtzI$vMB$vMBwtEDwtEDkroxkr#Yw$puw9pNDKe8HKe8H0pNI0pNIkr8Hkr8Hwt^ED0pED4jpz0p" /><g i="7" c="263" p="#^TCdw2AdwyyZt3xIr3xtn3xijwy0hZzKeTCKeOFKegH0hKIhjKItnKIJrdHZtJFdwTCdw^SCstaEstwEnrSEipSEtnSEwkoE$iXDuhTCuhQBuhnB1jXAAkXAtnXAqqoBXrRBstSCst" /><g i="8" c="264" p="%^oyfooybktCbktCfo^oy$voyVrtCVrtC$v" /><g i="9" c="265" p="%^Hz$vHz7teC7teCUhHzUhHzRlMwRlMw0f9M0f9MRlhJRlhJUhFGUhFG7tcJ7tcJ$v" /><g i="10" c="266" p="#^Hw$v%Hwht%Byht%ByKh%HwKh%Hw0f%mC0f%mC7l7EUjIFUjkJUjkJfo%kJht%3Lht%3L$v%zF$v%zFpozFAnfFhnYEZmmEZmwDZmmCIn%mCht%2Eht%2E$v" /><g i="11" c="267" p="#^pGqs%lJmtvHgwADgwsAgwIyDuYwZsYwhqYwynLyJlzAUjlDUjnFUjRGWkkIXlVIsnuJZouJSq%HASqMAtsIB9tECQtGDQt1FQtpGqs^HFMoyFMnVE4ngEom9Dom4BomLAMo" /><g i="12" c="268" p="#^Qw$v%Qw7t%Wy7t%WyUh%QwUh%Qw0f%AE0f8H0foIjfFJCfAKMgvLWhvLtjvLXl6JZm9M6o9M1r9MJscLWtfK7vLIzvgH$vzE$v^lDJl%AEJlTFJluGhl5HQk5HJj5HJivGjiVFUhrEUh%lDUh^lD7t%AE7tgG7tXGEsCH8sCHVqCHDpTG6p9GBoAEBo%lDBo" /><g i="13" c="269" p="#^dKht%dK$v%yE$v%yE3v0DawjBawzzawhyav0x9u0xus0xNqlyEpHzvoPBvo$CvoyE5p%yEnoyEtnWDUmjDjmiCjm1Bjm7Aen%5xGmpyUjPCUjwEUjDFhkLGFkiHglSHTl4ICmjIknjIZo%jIht^yEDraDNqmCNqIBNqaB9rFAxrFAfsFAUs4BmtvBQtaCQtdDQtyEBs" /><g i="14" c="270" p="#^6Jbk%6J_o%qG_ovF$myD$miC$mzBQnQAEoQA0qQAHrCBvsoCitxDitrEiteFNs2GfsyGpr%tJHsQHgwJDgwDAgwNyAuYwUsYw3qYwfnLyDlyA$jXC$jSE$jxGal%xGbk" /><g i="15" c="271" p="#^9DgwyAgwLyCuYwYsYw4qYwbnLyylyAUj9DUjNFUjAHylnJbnnJ4qnJVsBHBuPFgw9Dgw^8DktbEktRExsvFJrvF$pvFuoSEEneEOm8DOmQAOmQA9qQAxroBrsZBkt8Dkt" /><g i="16" c="272" p="%^5zkB5zCylBCy8CwwRxVm8wVm8wbkdDbkdDVmPBVmNDdsTFVmlEVmlEbkzKbkzKVmTIVmcDkB" /><g i="17" c="273" p="#^sx$v%sxXr%dAXrfALs_AftJBLtOCLtJDLteEqtME5tMEBsME7shETrODDrpCorxzVqgyZp$w1p$wtn$w$lby$koz$jmB$jYC$jmEAk%mEbk%3Hbk%3HCn%mECn_DnmMBnm8Anm8Agn8ACntAOnOAZnbCdonEBosFZoyGlpcHdqSH5rSHjsSH2uCG9vnFgw6Dgw$AgwdAov%dA$v" /></glyphs></font><font id="40" name="Arial Charset1 6Xu6eqk6g6g"><glyphs><g i="0" c="880" p="%^uC$vuCcgBwcgBw5eNK5eNKcgSEcgSE$v" /><g i="1" c="881" p="#^QwwpQwVlQyakvAKiVCKiAFKihHuk_Iem_Ikp_IQrdIgttHIu1GvvCEiwVCiwbAiwvyyuQwOsQwwp^5zvp5z$raAftfBuuVCuuyEuuDFetJG_rJGqpJG0nDFNlxEykVCykfBykaANl5z0n5zvp" /><g i="2" c="882" p="#" /><g i="3" c="883" p="#^Hz$v%Ex$v%Ex5e%Rz5e%RzukeBKioDKiAEKiEFdjJGHjpHzk5IrluIGmUIVnUIjpUIEseHtuBFiwhDiw_AiwHzmu^FzppFzKrhANsjBuu4DuuwEuuzFetDGZrDGvpDGYmCFLlCEykbDykLBykIAOlFz2nFzpp" /><g i="4" c="886" p="#^xGPr%OI6sfI5uOGcvlFiw5DiwfAiwAyyuWwNsWwDpWwlmByykhAKiZCKiAFKidHvkTIgmTIupTIGpSI4q%bz4qizcsoAltuBuu6DuujEuuaFRt1GctxGPr^jzgo%zGgopGDmJFPlFEyk$CykuByksAzlqzzmjzgo" /><g i="5" c="887" p="#^ex4x%nzoxwzny7AQyXAszmCszTDszIEQyxFdyQF7x$Frw_FiuyE$vpC$vKz$vgy3uOw7sOwrpOwAntx0m8yrkpzBjHAKipCKiIEKibGBk%bG1j%dI1j%dIeudIgxBHxy_GOzEFxAjEgBmCgB2AgBCydAbxazex4x^3zhp3zQr4A0t5BbuCCbu7Ebu8F0taGRraGlpaGZm6FMl3EykACyk6Byk4AKl3zWm3zhp" /><g i="6" c="888" p="%^FxDgFx5eSz5eSzDg^Fx$vFx1jSz1jSz$v" /><g i="7" c="889" p="#^Ex$v%Ex1j%Dz1j%DzSk2BKiLDKiWEKiVF9jUGzjnHfkSHXk3ITlbIumbI$n%bI$v%_F$v%_F6o_FMmJF5mtFqlPE1l9EEkhDEkTBEkSAxlRzqmRzVo%Rz$v" /><g i="8" c="895" p="#^sC1u%MCZvQBaw5BawUzawezOvAypvjyOu2yau2ybs%2yKk%qwKk%qw1j%2y1j%2yPf%fAve%fA1j%sC1j%sCKk%fAKk%fAjsfAgtmAxttAOtKAZt$A7uuB7uRB7usC1u" /><g i="9" c="896" p="#^Ex$v%Ex5e%Rz5e%RzvknBKiJDKi9FKidGijhHSjKHSkcISlcIMn%cI$v%$F$v%$FMn$F7mhFnlzEDkgDDkhCDkqB7lzADlcAvmRzmnRzUo%Rz$v" /><g i="10" c="897" p="%^Bx$vBx5eOz5eOz$v" /><g i="11" c="898" p="#^Mw7s%XyNr6z4tXzNtNAuuiCuuPDuuyETthFfthFqshFGrDEfraEYqnCvqYzUp0zsp4y$oBxdo7xqn7xtm7xBlwxSkVx7kByDj6zfj$z$iUAKiVBKirDKiBEajLFCjiGmkRG6l3Hnm%VEGmLEFl2E6llDyk3CykyAykUz2lfzylfzcmfzEmwz_mNzknmAznHAHniC7oEELozF9puGyp0HjqyH3ryHbsyHhtUGfufGdv1FMvQDiwjCiwNziwsyfv7xbuMw7s" /><g i="12" c="899" p="#^dy$v%dyvt%JAvt%JA$vJAnxdAdyKz4zHyyz%4yCyMyiy5zIxqz6xsz$v" /><g i="13" c="907" p="#^Zv$v%RC5e%pF5e%JM$v%1K$v%YHAq%rAAq%uy$v^7BFo%cHFo%kFHjuEqh3EZfIDIh5Dpj" /><g i="14" c="909" p="#^ay$v%ayKk%ewKk%ew1j%ay1j%ayEhaylgoyIfJyRewzkejAOdLBOdHCOdPD0e%uDWfOCPfbCPfbBPfMAegmAFgmAQh%mA1j%UC1j%UCKk%nAKk%nA$v" /><g i="15" c="930" p="#^Dx$v%Dx1j%Cz1j%Cz_kmACj$AajEBKipCKiwDKiGErj%UDtl5D$kiC$kAB$k$ArlrASlbADmQzOnQzcp%Qz$v" /><g i="16" c="975" p="#^6Gfr%gIyrVHMtrG1v_EiwTCiwcAiwByzu_wPs_wzp_wsnGxTlnyikNzwjcBKiTCKi$EKikGOjGHSk3IRm%WFanCFSlQEcl3EykZCykjBykhAKlfzWmfzvpfz6seAiteBuuRCuu8Euu$EHtTFUs6Gfr" /><g i="17" c="1300" p="#^6GpuTErvLDTvDCiwkBiwbziw2yfvVwcuVwAsVwDrkxRqMx2qtyApaz5p2ARoHAGo$BvoFEcoWFMnXFjnXFbnXFRljFhltEykPCykgBykwA5lNzDlrz0n%hxJmzxkleyukVyEjaAbjsBKi7DKiNEKiPF7jSGvjlH5kQHHk0IBl8I9m8IDn%8Izq8IDthIruqIfvRI$v%yG$vcGjv6Gpu^WFupJEZpjCjqZAvqpALqSz$qyztrfzXrfzwsfzotVz_tAAAuSBAu7DAu6E0u5FstzFusWFLrWFhq" /><g i="18" c="1301" p="#^eB$v%jw1j%Dy1j%pBOqSB2sdCptxCns2DXq%XF1j%cI1j%hD$v" /><g i="19" c="1302" p="#^4G$v%4GmuQEiwrCiwUAiwAzrvhyAuzx2tSwwrSwwpSwAnvx$l8ypkrzAjKAKikCKivDKipEejkFJjVFvk%VF5e%6I5e%6I$v^7zwp7z$raAftdBuuECuu5Euu5Fjt6G7s6GIp6G1n4FOl2EykyCyk4Byk5ALl7zXm7zwp" /><g i="20" c="1303" p="#^yx_A%ixVy0y7zyy7zhz7zJzTyaADysAbyFARx7BywbBnwkB$v%pw1j%Ly1j%sBxq_BYrpCxtNC1sjDBq%5G1j%hI1j%mDdwzCmy7C9zxBfAMALA0AgBZygBkygByx_A" /><g i="21" c="1304" p="#^8G$v%8G5uDEiw0CiwTAiwTzSvTypvoyKuWx3uJx6tBxtsBx3r%Bx1j%Oz1j%OzdqOzXrWzys7AptOAVttBpusCpusDpujEVtaFotxFwsVFErVFZp%VF1j%6I1j%6I$v" /><g i="22" c="1305" p="%^0A$v3w1jky1jpAwq9Bit#bB5tQBDqVD1j9G1j5IyqJI1tuJwqIL1jRN1jNJ$vwH$vsFeoXE0miC$v" /><g i="23" c="1310" p="%^Fx$vFx5eSz5eSzio2F1jVH1jXCRnpI$vHF$vnBmpSzRqSz$v" /><g i="24" c="1311" p="#^VFZA%VFCuoFkvtEPvyDiwwCiwcAiwxysuTwBsTwopTwrnyxUleykkwzxjOAKilCKiLEKi7GLk%7G1j%6I1j%6IZA^8ztp8zZrbAeteBuuICuu5Euu6Fit7G5s7GGp7G4n2FNl_DtkyCtk7Btk7AHl8zUm8ztp" /><g i="25" c="1312" p="%^uw$vuwduJEKk#jDPkeCPkZwPkZw1jzH1jzHtkyAIsbzdu#GA6uYB6uYH6uYH$v" /><g i="26" c="1313" p="%^gy$vgyvtMAvtMA$v" /><g i="27" c="1314" p="#^Ex$v%Ex1j%Cz1j%CzRkdAUjeBjjfCKiyDKi_EKiVFkjQGWjcH$kLIKidLKi8NKiaOOjdPSkdP5n%dP$v%0N$v%0NQn0NvmOMWlBMll1M$ktLEkJKEklJEkrIylyHsmyHso%yH$v%lF$v%lFznlF5mOEnlgEEk2DEk7CEkkB7lyAClbAymRzunRzgp%Rz$v" /><g i="28" c="1315" p="#^ExZA%Ex1j%Ez1j%EzIklAJjeBej7CKioDKi2FKijGBjBHrkeI$lUIynUIppUIpraI$ssHBu5GsvKEiweDiw8CiwgBQvoAmvRzEu%RzZA^DzApDz4sDAhtEBuu4DuuxEuuAFftDG$rDGopDGVmBFHlAEsk9DskMBskHAMlDz4nDzAp" /><g i="29" c="1316" p="%^jF$v6D$v6D_h#jCLi0Bwj#KzgkJyEkJyvi#yAFhWBqg#jDbfUD1ejF1e" /><g i="30" c="1317" p="#^mxSr%tzFrKz8tuAPtfBuurCuusDuudE0u_EyttFNsYF$rhGHqCGmpCG$nCGRnCGznXFCoOEgpFDWpkCWp6AWpzyjo1xHm1x3k1xlhDyHfeA1eFC1epE1eRFZeiHVf2IEhPInjPIGmPI6q3I8sjHauRFevnEiwoCiwhAiwYy7vDxYtmxSr^nGYjnG3imFYgmERfXCRfsBRfnA2hizeiiz7kizRljAWmlB_nTC_npE_noFWmnGRlnGYj" /><g i="31" c="1318" p="#^sIui%gGFiZFmhqFNgxERfdDRfaCRfnBqglAahKzDi8z3k7zMmVzzl2B_kcCoktDokGFokdH$lMICnMIaqMISr1IjtiHLu1GxvMEiw9DiwpAiwGyhuXwfsXwCnXwqiRy4gxA1emD1etF1ePGdfaIogsIui^tzbqtzjrXzmsqAothBXt8Cuu6DuuvEuuvFmtvGesvGjqvGsowFonxEkm0DkmxBkmvAontzsotzbq" /><g i="32" c="1319" p="%^0y$v0y5eoA5eoAslFJslFJ5e1M5e1M$vFJ$vFJznoAznoA$v" /><g i="33" c="1320" p="#^HKIp%3NiqjMdtnKMurIiwFFiwLCiwXA7v8zXtbyIrfxtpfxUmfx5kjy0inzXflBSejDNdHFNdmINdbK9f0MwgLM_i%qKyjOJBhCIIgqHPfDFPfADPfbCOgOANheAsjHz6lHzUmHzaplATq0BAspCqtPDgusFgurHguPI7tbKZrHKIp" /><g i="34" c="1321" p="#^nz6h%nzFj%0xFj%0xEh0x$fpxffVxie1zOd%zzEeUyWezyuffy1gdy6h^9D6h%9DFj%OAFj%OAEhOA$fbBffHBiePCOd%lDEeGCWelCuf1C1g$B6h" /><g i="35" c="1322" p="#^8xfq%nz2qxzor6AfsHA6tUBFt6DbuEEbu_Fbu0HNt3IntzIGs4JZr4J7r4JiqBIGp6I1p_GCogGkoODKnkB8nlACm3zXlryYkPxYjPxJiPxmhAybglz$ePAoeiCNd5ENd5GNdCHqe7J2fXJigMKyhQK7j%zIijnIBhjHKggGTfcETf2CTf3BFg5Arh5Azi5AwjNA8ktBMklEqleH4mjIzmSJhnCKoomLvpmLXqmLmsxKDtJJUubIBvFGiwLEiwkCiwHABv2zTu6ystbx1s8xfq" /><g i="36" c="1323" p="#^Sx$v%Sx5e%qB5e%EFLqeGxsvGptPGqssHxq%LL5e%XO5e%XO$v%FM$v%FM0h%rH$v%iF$v%8ALg%8A$v" /><g i="37" c="1324" p="#^3xtg%3xWd%qzWd%qzXfqzzh1zhivygjoxNj%SwViwxEiRx3iaythcytg^RAtg%RAWd%cDWd%cDXfcDzhPChihCgjaBNj%EAViiBEiDB3iYBth_Btg" /><g i="38" c="1325" p="#^SBgB1AZyMyUvwxPswxwpwxCmsyXjyzSgSBOd%rDOdYBkgtBqhKA5jiAXkNzdnNzxpNzovrDgB" /><g i="39" c="1326" p="#^4zgB%vxgB9Bov9Bxp9BenDAZkcA8jtzsh_ymgvxOd%4zOdnBSgtCXjqDCmqDwpqDPs8CUvTAZy4zgB" /><g i="40" c="1327" p="#^kxdnkxXley2l8z8kpA8kHB8kBC2lwDXlwDdnwDvoBCqpHBkqpAkq8zkqeyqpkxvokxdn" /><g i="41" c="1328" p="%^fxjwiy6rfw6rfwipGyipAzSkfwSkfw2jXz2j0BOdRCOdMB2jDF2jHGOdxIOdsH2jBJ2jBJSk5HSkbGipBJipBJ6rPF6rMEjwWCjw_D6r7A6r4zjw^vAipmEipfFSkpBSk" /><g i="42" c="1329" p="#^2xfr%fzYqDzQsxAFtrBuuLCuuiEuumFptrGksrGLqrGeprFgosEhnWChnjChnnBxn%DBClRBDlZBDlnDDlvEUkDF9kDFEiDFqhOEEg_DRfHCRfpBRfyAFgIzshtz3j%gxGiFxsg4zffwA1eEC1e6E1elFFeAGhfeHngUHshUHGiUHRjgHOkEGLlqFjm$GGmTHQnMIZoMIIqMI1t2HGulFiwKCiwnAiwPyUugxut2xfr" /><g i="43" c="1330" p="%^gyxlgy1jMA1jMAxl^gy$vgyvtMAvtMA$v" /><g i="44" c="1331" p="%^NwDqNwqoyDqoyDDq" /><g i="45" c="1332" p="#^Qx$v%Qx5e%yE5eBG5eQHEe4JafNJjguKrhuKGiuKQjSJRkeJSl_HumBJYmtK6olLfplLPqlL3sPK8thKduvJPuJIovxHIvmG$vEE$v^cADl%3EDlEFDljGpleH8lHHwk9IUj9IYi9I3iJHohiHIgvGsgIFcgNDcg%cAcg^cAUt%FEUtPFUtgGOt5HFtEHjtbIZsyIjsVIFrVIPqVIOpoI3pTHkoYG1o2GKnlEKn%cAKn" /><g i="46" c="1333" p="#^1B$v%iw5e%Jy5e%rBQpUBGrbCutUCDq0Dbq%pG5e%gJ5e%QL9nNMxqdNutzNOr6OBp%WQ5e%jT5e%pO$v%5M$v%mImiTHEgNHfguHuhfHmi%tD$v" /><g i="47" c="1334" p="#^wxtg%wxWd%TzWd%TzXfTzzhuzhiYygjRxNj%jxViZxEiiy3iDythFytg" /><g i="48" c="1335" p="#^FJ5e%1M5e%1Mqo1M7rpLJsOKiucJivDHiw1FiwwCiwWArvkzzuEyWsZxgrZxqo%Zx5e%lA5e%lApolALqMASrcBYsfCztjD9uQE9urH9uyIZsFJNrFJpo" /><g i="49" c="1336" p="#^jG_o%jGTm%UNTm%UNvt8MUuhKBvqIiwtGiwQDiwGBavwz1uqyUrkxLpkx6nkxvkpyeivzZfyBTeCDNdhGNdeINdOJpenL1fgM9g9NhhCN5j%uLHj4LjiuKxhUJLgMIhgFHPfiGPfGEPfuDjgiCOgzBChRApirAnjMz1lMzZmMzmpAA_qpBBs_CntzE9ulG9uTH9ulJztPKZsALis%AL_o" /><g i="50" c="1337" p="#^axrg%axke%MIke%MI1g2HRhmFSkHDTnMC3r6CjtXB$v%Gz$vIzTtvAUqiBUnNC6lgEkiYFrg" /><g i="51" c="1338" p="%^_x$v_x5eVK5eVKcgmAcgmAHleKHleKOnmAOnmAUtkLUtkL$v" /><g i="52" c="1339" p="%^4E$v4EJrjwJrjwIpuE6ehG6ehGIpIIIpIIJrhGJrhG$v^4EIp4EEhtyIp" /><g i="53" c="1340" p="#^Zx$v%Zx5e%UF5ehI5ewJAeMK2fwLhggMvhgMZigMTk1LbmOJvndHSn9IioFIKoHJHpCK7r%IN$v%LK$v%nIgslHFqGGPp$FYotFCoXEgooE7o$D2o4D2o%lA2o%lA$v^lA$l%qF$l2H$lYHGlTIkllJBkQJRjQJZiQJIhVIUg_H4g$F4g%lA4g" /><g i="54" c="1341" p="#^1xir%lz5rBzNswAEtsBuuNCuunEuutFhtAG4sAG6qAGeowF9ntE3mLC3mGB3mPAymZz0nuzOn%qxxn%9zke%3Ike%3Iqg%UAqg%XzelyB7kkD7kGF7khHLlVImnVIWpVIlsuH6uMFiwNCiwkAiwNyWufxyt1xir" /><g i="55" c="1342" p="%^2y$v2y5e7K5e7KcgqAcgqALlPILlPISnqASnqA$v" /><g i="56" c="1343" p="#^bw$v%WAhp%yw1j%gz1j%hB3mRBWmbCvnKCKmaD6m%mF1j%$H1j%CDfp%kI$v%EF$v%YCZr%jC_q%Ry$v" /><g i="57" c="1344" p="#^Wx$v%Wx5e%4E5eaG5egHleOIIeTJDfjLQg0MHiJMykJMXmJM_oeMzqML7s0LatgKcunJOuvInvfHHv$F$vnE$v^iAUt%5EUtTFUtTGztUHdtuIDskJNrOJmqhKXohKVmhK5kmJBirI4h6Hzg9Gcg2Ecg%iAcg" /><g i="58" c="1345" p="#^DxEg%Dx5e%Qz5e%QzEg^Ru1B%fv9zVvlziwlzZwlzixUyDxryDxFw%Dx1j%Qz1j%QzIwQz5zcz1ApygBzwgBGvgBRu1B" /><g i="59" c="1346" p="%^ky$vky5eIA5eIA$v" /><g i="60" c="1347" p="%^$vjwbBOdYCOdMxjw" /><g i="61" c="1348" p="#^1x9n1x_jGx2iky6gCz4fVA1eRC1eiE1eoFCeuGbfbHhgUHmhiIXiIIvkII9nIIjq2IfspHbu6GfvQEiwRCiwgAiwOyru1xcs1x9n^iz9nizzrjA1tlBuuRCuunEuupF1trGzrrG9nrGKipFihnERfQCRfkBRfqA6hizLiiz9n" /><g i="62" c="1349" p="#^rAhm2zNloySkKxXjKxEiKxHg7zmfxA1eTC1edF1eEGof4ILg4IIi4IXjqHSkMGNlqFhm4HQmXH1oPIdpPITqPIatbHKuzFiwVCiwfAiwDyKu0x9t0xPq0x3pUxUnNyJmrAhm^$zzi$zQjOAEkCBslWCslcEsl$EFkPFRjPFHiPFuhZEGg8ERfVCRfEBRfPAFg$zsh$zzi^hzQqhzMrJzEs9Awt1B$tWBuuWCuuvEuuwFttyGssyGUqyGjpuFhorEfnSCfniBfnhAgohzhphzQq" /><g i="63" c="1350" p="#^sxoisxtgpy8fnzOdcBOdUCOd$D$e6Fbg6Fwi6FOk_D1mSCfneBfnCzfnxy2msxQksxoi^gBjfsAjfVz0gnzJgnzCinzkkWz1ltAKlgBKl5CKlEC1lbDjkbDribDIgDC0g4CjfgBjf^hBFw%4LOd%SMOd%5DFw^1JOr1JSp_JxoYKcnOMcntOcnAPpoHQBpHQWrHQcuzPrvsOFwOMFwbLFw6Krv1Jdu1JOr^SMJo1MJouLqpYK7qYK0sYKJtuLru1M8vRM8vGN8vdOruMOJtMORrMO6qdOqpGNJoSMJo" /><g i="64" c="1351" p="#^BIUt%BI$v%Lw$vJwcv$wtusxgtsy5sszWqkBnpfE_mgFBliGbkiGXiiGDhmFKgqERfWCRflBRfoAOgrzLhrzrj%axcjoxGgVymfqA1eZC1eyF1e2HsfzITgzI_izI3k6I6lGH8mFGinEFrogDrqiB5sKAHsaAhtPzUt" /><g i="65" c="1352" p="#^Wx$v%Wx5e%FE5erG5eoHfeIIueBJ5fuKIf1LQgALXhALgjALyl7K8nGIJoTEJo%iAJo%iA$v^iACm%VECmcHCmaILl8JUk8Jlj8JdizIqh$HCg4HmgtGcgSEcg%iAcg" /><g i="66" c="1353" p="%^DvZADvnzaKnzaKZA" /><g i="67" c="1354" p="%^Qx$vQx5ecA5ecAUt0JUt0J$v" /><g i="68" c="1355" p="#^ZC$v%ZCpo%4w5e%Yy5e%tCvjtD$kiEwm5F6lfGmj%JJ5e%uM5e%lFpo%lF$v" /><g i="69" c="1356" p="#^JwVq%SyDqXyGsCzrtiAbuwBbupCbu2DNtHDmtXDFsbEYrbEqq%bE5e%zG5e%zGhqzGxs0GMttF$uhEFv6DiwwBiwaziwVxXuFwAtJwVq" /><g i="70" c="1357" p="#^NBBrMB8rMBWqMBEp7CIooC$n_ChnqDLmzELlIFKk2G8koGyjoGQioGyhnFAgnECfWCCfxBCfAAugEzmhmzfj%5xZioxsgUy7fpAOdUCOdwFOd4HefFIFgFIHiFISj5ISkyHRlYFfnTEcoyEFodE5p3EHpVDgqUDBr^oB$v%oBvt%UDvt%UD$v" /><g i="71" c="1358" p="%^cJtloxtloxqjcJqj^cJVqoxVqoxSocJSo" /><g i="72" c="1359" p="#^0D$v%5w5e%Gy5e%jD5rTDFsfE1uGEzsdF5r%3K5e%tM5e%tF$v" /><g i="73" c="1360" p="%^vw$vvwOtEFji#DG6hvHcgxxcgxx5elK5elKcgiADsdzUtEKUtEK$v" /><g i="74" c="1361" p="%^Vx$vVx5ekA5eKJ8sKJ5e$L5e$L$vzJ$vaAXhaA$v" /><g i="75" c="1362" p="%^Qyzr9y3i9y5eTA5eTA3ieAzr^fy$vfyvtNAvtNA$v" /></glyphs></font><font id="50" name="ArialBold Charset1 6XmWWBHl548"><glyphs><g i="0" c="880" p="#^Ix1j%VA1j%VAWkwBYjACmjEDLiXELibHLiMIwklKhmlKrplKHsLIvuaHiwVEiwRDiwZCTv5Crv8Bou%8BXA%IxXA^5Bip5BurYBxsQCAt3EAtgFAt3GDsSGFrSGtpSGqn1GrmdFsl$DslLCslWBqm5Bon5Bip" /><g i="1" c="881" p="%^Ox$vOx5eeB5eeB$v" /><g i="2" c="882" p="#^iFTr%JIss2IkuDGjvcFiw4DiwHziw4y4uOwjsOwCpOwomtyAk9ALiKCLiDFLiiHFkZIzmVIwq%jAwqlA1s7BUsWBKt6DKtVDKtsEit0FRsiFTr^vFqosFWmJE9m_DnlXCnlPBnl5BbmmA$mmAqo" /><g i="3" c="883" p="#^mA$m%fxrmMxyk2zFjkALiSCLi9FLihGhjpHPjSHFkkIvlkIKn%hIKrhIrtrIfuCI3v3J$v%GF$vxFFvkF_ufFGudFAukErvkDTvkCiwbBiwbziw1ycvUw6uUwssUwmrpxvqXxEpTybpQzJoCBno0EXnYEyn%YEcnYEcmsEOlZDnlCCnlIBnlbBKlGA5mmA$m^YENphE$pSCjqrBCq_AUqkAnrkA5skAPsSAltoBTtdCTt9DTt$DgtCEOsPE7sYEHrYEsq" /><g i="4" c="886" p="#^Bwjs%1ANrfAMsWAitBBPtOCPt7EPtPEjtgFZsgFpsgF0s0FLrLEwrSDjrIzoqByEp3xBo3xJm3x1loyUjJzLiwCLiaFLitGDjMHukgIbm%1FNmPE0meEDlFDdlACdldBdlEABlfASlfAhmfAFmAAVm2BfnNDTnxGuoDHopIIjqIIXrIIJtcH0vJFiwOCiw9AiwCydv3x8uBwjs" /><g i="5" c="887" p="#" /><g i="6" c="888" p="#^4B$v%Ex$v%Ex1j%QA1j%QASkEBzjiC9jYCLiNDLiYELi2Goj%ZEnm6EQlnDQlECQl8CdmEBCmmBFn4BHo4B_r" /><g i="7" c="889" p="#^KD1j%KDMl%oBMl%oB_qoBAssBRswB6tLBht$BstlCstPCstJD6t%0ENvPCiwiBiwnAiwDz_vUyGvxyavbyGu3yQtYxetYxqr%YxMl%nwMl%nw1j%Yx1j%Yxsg%oBre%oB1j" /><g i="8" c="895" p="#^cB5e%cBHkSCLi9FLilGLiiHbjfIDjKIjkdJ_koJPlAJEmAJoo%AJ$v%8G$v%8G9p8G6nXFzmLF0mfFIlLEnl0Enl9DnluCOlPBcmvB2ncBTncBvp%cB$v%Mx$v%Mx5e" /><g i="9" c="896" p="#^Ex$v%Ex5e%4B5e%4BykFCLiQELibHLiKItkiKamiKnpiKIsIIvu7HiwTEiwMDiwGCKvBBavQA5u%QA$v^2Bep2BfrGBdszCBt2EBtaFBtZFDsNGErNGzpNGknZFmm9FnlVDnlGCnlSBkm2Bhn2Bep" /><g i="10" c="897" p="#^jG$v%jG2uBF5vrEIviDiw0CiwIAiwGzJvEy8vay6uJx3tJxer%Jx1j%9B1j%9B_o9BJrlBksxBXs0CjtwCGthDGt9EGtREbtyFIsOF_r3Ggr3Guo%3G1j%vJ1j%vJ$v" /><g i="11" c="898" p="#^$wkp$wDnQx1mGyqkdABjMBLiGDLiCGLiuIFknKzmnKupnKqstImuAGiwHDiwVBiwhAuvGyGuQx7t$wzr$wkp^wAvpwArrqBtslCvtGDvt0FvtWFtsRGrrRGupRGBnWFAm0FylGDyllCylqBAmwABnwAvp" /><g i="12" c="899" p="#^AJ$v%8G$v%8Gnp8GhnVFGmHF2mbFJlIEnl0Enl7DnlqCSlJBlmsB9ncBYncB7q%cB$v%Mx$v%Mx1j%YA1j%YAWkECLidFLilGLihH9jeIzjIIckbJQknJElAJrmAJXn" /><g i="13" c="907" p="%^cA$v6w1jrz1jRBwr5E1jpH1jzJwr2M1jrP1jgL$vZH$vJFFnxD$v" /><g i="14" c="909" p="%^Nx$vNxzsdBzsdB$v" /><g i="15" c="930" p="#^Vwaq%qAQpKABrIBrsGCgtkEgt3GgtYGxsRHNrRHNqRH9qtHJp5Hgp9GXoxFIogD9omAqnbznmyxVkyxNiyxphjydg5z1fyAqe$BOd3EOdrHOd8JhfRKLgXKdj%kHnj5H_hkGohzFNg1ENgsCNgzBqh$ARh$Axi$AajxBDjdCckREQkuHrlLI6m0KMmKKWnsL4psLNqsLjsBKFtKJ$uaIFvCGjwhEjwUAjw3zLufxatVwaq" /><g i="16" c="975" p="%^SB$vSB7hyw7hyw5eMK5eMK7htF7htF$v" /><g i="17" c="1300" p="%^ZN$v1K$vtIXrjBXrQz$v$v$vYC5eOG5e^jHVoPEgipCVo" /><g i="18" c="1301" p="#^Qx$v%Qx5e%qF5ehI5eAJAeUK2fGLhgsMwhsM6jsM7lgLrm4KLnKH5oVINoFJCpqKqqJLvs%VN$v%AJ$v%ZG5sAF0q3FtpzEWo_DKopDxo9Cxo%rBxo%rB$v^rBGl%6EGlIGGllHsl$HdlmIHkKI9kKIljKIrifIUhMHkhUGahrG7hfE7h%rB7h" /><g i="19" c="1302" p="#^Px5e%pE5eDG5eOHqenJUevK4gDLghcM_iOMHkOMcnOMqpeM0rzLZskKbuoJ5vOHCvBG$vBE$v%Px$v^qB7h%qBZs%6EZsDFZsiGOsaHAsLH2slIwrIIkq4J7p4J2n4JZkIISjlILiGH7i0Hvh$FhhfF7h1D7h" /><g i="20" c="1303" p="%^Qx$vQx5e6K5e6K7hrB7hrBmlWImlWIoorBoorB$v" /><g i="21" c="1304" p="#^xx1j%HA1j%HAOknCLiKELi_FLiUGgjPHMjpIPkfJMjeKgjeLLimMLiONLiNOkjNPVjgQ1lDQSlDQIn%DQ$v%bN$v%bNBobNFmQM5mlMnlmLnlEKnl$JPlmJfm4J5nPIXnPIMp%PI$v%nF$v%nFUonF$mbFsm$EVlCEEleEnlADnlNCnl8COlwBdmeB1nZAQnZAIp%ZA$v%xx$v" /><g i="22" c="1305" p="#^GJ$v%uG$v%uG5uHFcvCELvxDiwrCiwcAiwCyvu1xHs1xtp1xamzytk6ALiuCLiEELieGyk%eG5e%GJ5e^yAepyAjr5BfsXBBtqDBtBEBtqFBsfGArfGzpfGknrFmmEEnlnDnlaCnlmBlmyAjnyAep" /><g i="23" c="1310" p="%^rytmry1jTB1jTBtm^ry$vryzsTBzsTB$v" /><g i="24" c="1311" p="#^Qx5e%ZE5e5H5e8IgebJre$J$eQKzfnLvgXLrhXLBiXLSjfLVkAKYlqJum3LYmXL6oPMfpPMOqPM1seMbtGLkuHK1vIJJvgITvmHZvVD$v%Qx$v^rB4h%rBdl%ODdlVFdlqG9lmH2lUHwkqI_jqI6jqIhiYHMhvHehBG7h3G4hvD4h^rBco%rBZs%NEZsKGZsgHSs4IIsAI8s5JAr5JDq5JQpHIgpiIIozHsoQGcomEco" /><g i="25" c="1312" p="%^OxghOx5eeB5eeBgh^Ox$vOx1jeB1jeB$v" /><g i="26" c="1313" p="%^jA$v4w5eNz5etCoqKF5e1K5e9NBqWP5ezT5edP$vmL$vPHCigE$v" /><g i="27" c="1314" p="#^gJpp%MMwqYLst4KUucIjwkFjwMBjwtzTtbxrrbxcnbxKiuzggOBOdyFOdQIOdTKKf5MTgJM1j%8JUjPIviOHIhOGUgmFUgnDUg8CjiVAKjVAXmVAkq7CNrlDdtiFdtKGdtMHisPInrgJpp" /><g i="28" c="1315" p="%^Nx$vNx5ebD5epGiqCJ5e2P5e2P$vIL$vHLUh8I$vFE$v7BUh7B$v" /><g i="29" c="1316" p="%^Gx$vGx5e6B5e6BBn7F1jlJ1jVEMnFJ$vXF$vHC9q6BRr6B$v" /><g i="30" c="1317" p="%^Wx$vWxfexBfexBZswKZswK$v" /><g i="31" c="1318" p="#^mB$v%7w1j%Jz1j%bCEp%TCSraD0rfDKqqDbqCDEp%3G1j%BJ1j%sE$v" /><g i="32" c="1319" p="#^gE5e%TH5e%THqpTHFruHRsYGpuzFmvbEjwXBjwhzjwRxQuqwktqwtq%Qz4qTzCrgAfsSAdt2CdtgDdtMDxsgEQrgEFp" /><g i="33" c="1320" p="#^Qx$v%Qx5e%CD5eVG5eVHmesJMeuK6gxLshxLBjxLflWKnmkKvnoJ8otINoxH_oeGfpNDfp%rBfp%rB$v^rB7h%rBdm%pDdmyFdmgGXl_GEloH2lPHskPHFjPHGieH2iFGphNFeh7F7haD7h" /><g i="34" c="1321" p="%^SF$vqC$vqC3j#xAQk_xGl_xzi#kz6iVAUg#uCFf3D1eSF1e" /><g i="35" c="1322" p="#^FIPs%FI$v%Dw$vPwbuNxAsMyYqFBhoZD6mvElldFhkdFfjdF5iBEuh_DTgUCTgPBTgaBwhyA9isAGj%1xkjkxugXygfyA1eZC1eDF1e8HsfFITgFI$iFIdkdIjlNHomRGBndGooAETpYCmrwCSr5ClsQBPs" /><g i="36" c="1323" p="#^Xwfr%gASqqA7s6BOsPBttOCttSDttAEFsjFRrjFuqjFbpCEroVDGnVCGnfCGnlBWn%JB7l6D9lRDwkBETjBEPiBEVh2EnhvDRgCCRgJBRg5BshtA3ilAej%bxHiwx3hay5gRy7f1AAedB1eIC1eeF1eMGEf1IYg1ICi1IZksFmm_GImVHSnQI$oQIDqQI_s5HFunFjwPCjwoAjwNyWubxwtXwfr" /><g i="37" c="1324" p="#^5JTm%JFunyFtmXEZlkEslmDsl4CsljBlmyAdnyAhpyABrjBys5CvtpDvtnEvt$EXsDFnsUF1r%gJCrKIWteH6vLFiwfDiwpAiwJyvu1xIs1xxp1xjmJyxkqALijDLiHFLi4HMjtINk5JTm" /><g i="38" c="1325" p="#^txRw%oBjxuB$xQBgykCEynDEyJEEyoFeyRFZx3GmxeGXweGOv%eGUtIE$vmC$vLz$vdyNt1x2s1xrp1xbmBytk9ALivCLiUELitGSk%tG1j%GJ1j%GJFuGJYwhJ5yVIezdITzxHxAoGUAfFgBvDgBcAgBQy7Asx_ysxfxsx4xtxRw^yAfpyAjrkBhs7CethDetyEetpFfshGgrhGkphGjnsFlmDEnlmDnl7CnlkBkmyAhnyAfp" /><g i="39" c="1326" p="#^fGXA%fGpuAFhvAEOvADiwqCiwcAiwNyDu6xHs6xnp6xfmHyvkgALiCCLiVDLiREijOFQjxGXk%xG1j%HJ1j%HJXA^mGmpmGnnyFpmKErlwDrlhCrlsBqmDApnDAzpDAHrqBEsdCBtpDBtAEBttFxsmGtrmGmp" /><g i="40" c="1327" p="#^pw$v%pwjt%gBKntCmm2DOlrCPlsBRl%TwTl%Tw1j%CH1j%CHsl%EC9r%VA3tkC_sGC_s%_H_s%_H$v" /></glyphs></font><font id="60" name="ArialBoldItalic Charset1 6h0IhHXfFcc"><glyphs><g i="0" c="880" p="%^1x$vMA5e1O5epN4hQD4hXC9leM9lCL8oiC8odB0tEL0t$K$v" /><g i="1" c="881" p="%^_w$vJA5edE5etA$v" /><g i="2" c="882" p="#^uD$v%tA$v%Tx1j%jB1j%cCHoBCZqFCKrNCxrxD9qhENosEvo%GH1j%sL1j" /><g i="3" c="883" p="%^KA5eeE5eADgh4Agh^Iz1jcD1juA$v$w$v" /><g i="4" c="886" p="#^ywns%XzRrnAVs2BmtJBPtUCPt4EPtOEgtjFVsjFnsjF0s2FKrNEtrBD4rqA1qFzqpuytouyWmuyolDzhkdBKinEKiTGKi9IFjsJzkOJ7m%zGHmiGZlJFDlXE9lRD9lKC9lfCwlNBTlNBmmNBRmgC9nzCmneERnOGBoFHjpUIkqUILrUIBtkHYuNFjwZCjw9AjwDyhv5xeuywns" /><g i="5" c="887" p="#" /><g i="6" c="888" p="#^GA$v%0x$v%LA5e%1I5eZJ5e5LyedM$eTM3gyN6hyNAiyNXj0NdluMvmJLhnZK2o4KrocJQoJH2pRGaptEap%6Cap^KCcm%SDcmNGcmLHRlKItliJFkSJRjSJTiSJeizJQhhJphLIdheI1hsG1h%PD1h" /><g i="7" c="889" p="#^wz1j%OC1j%fCzl5EKieGKiZGKiSH6j%wGZl1GPluFPlAEPlEDvmJCanbCjoFBsp8BWr%iA$v%Pw$v" /><g i="8" c="895" p="#^DJCq%QACqPAPqPAWqPAdsyB0tiCPtmDPt6FPt5G$r%eJxsjIquNGnvfFjwlDjwJAjw4zFusx$ssxgqsxCnWyxlXAKiGEKi3HKitIckTJGlTJjoTJBpDJCq^GGtoGGeoGG6oGGGm0GYlnFeliEelcDellC2muBSmaBto" /><g i="9" c="896" p="#^5y1j%AB1j%rCupMC_rPC_swD$qIENo%PH1j%wL1j%vDgxvC1zXBKznBsAAASANzgBFygByxgBawTA%twgy5xsyHxsyizsylA$v" /><g i="10" c="897" p="#^_JAp%IN7qCM7trKKugIkwlFkw3CkwdAlunymsnyBonyylCz0jRAug1D8feFOdQHOdKKOdwMmfjOVgEOBj%6LXjPKmiZJGh8JZgLHZgeGZgVEVhBDQiOCOk0CMm0CKo0CUq1D4s3EftBFft0HftcIksoJor_JAp" /><g i="11" c="898" p="#^xA$v%2x$v%NA5e%hE5e%YCtk7Eyj9F8jcGKioHKi_IKiVJEjQKxkQK0mPKNmsKqo%PI$v%kF$v%_GgogH0nhHFmhH0mSGDlsGelLFelSEel2ERlZCEmqCPn6CsoCBRq" /><g i="12" c="899" p="#^Qz1j%kD1j%BBJqhB5shBrshB$sFBpt1CPtCCPt1DPtrDDtRDrtgE3tIEHs2FdsoFKrHFYqUFnq9Gcp%zH1j%2L1j%6I$v%RE$v%dFhueDjwVAjwrzjwByovLxtuLxWsLxfsbyfq" /><g i="13" c="907" p="#^NF7r%bJGrlIXtHG7v2FjwTCjwoAjwXyQuvxltvxMqvxFonyNmfzUk0BPjOCKiVEKicHKizIXjXJ7l6K4n%NGrnFGlm6GRlzFklHEklGDklOC4mWBQmsBlo_ARp_A9r_AjsxBXs5CztXCztNDztyEYskFlsNF7r" /><g i="14" c="909" p="%^Xw$vGA5eaE5edCqnPG1jmL1j8GInWI$vpF$vDD_peB6sqA$v" /><g i="15" c="930" p="#^$w$v%KA5e%SG5eSI5eFJceZKoeTLXeOMufhNpgMNkhMNriMNWjXM0l6M6mnKGmLL2nwM1oiN$oiNdqiNQrnMhtsLJuRJmveI$vrF$v^UCkl%JFklCHklrI3lhJNkIJak7Kzj7KSi7KaiJJKhkJihCI8hcI4hFG4h%ND4h^gB7t%QE7t4H7tRHRsCIys3JUrxJdrxJuqxJBpSI0pcIroFGro%fCro" /><g i="16" c="975" p="%^NE$v6B$veE4h$y4hDz5eJN5e5N4hVH4h" /><g i="17" c="1300" p="#^YBJm%xyqm6zHkzAJj1CKirEKiXGKi8IKjlJKklJbmlJNmeJrn7J5ovIVq$Hdt$H9u$H_uhI$v%TE$vGEhvDExuRDnvRCRvRBjwQAjwdzjwayfv7xbu7xxs7xGqgyzpqzrooCdoUE$nKFJnZF_mZFymZF_lwFCl3FelaEeleDelGCDl7C$lYBJm^hFXpYE0qrE5qOBpq_A0rqAsrqAcsqAPsSAftiBGt0CGtPCGtwDhtdEUszEisVEHraFoq" /><g i="18" c="1301" p="#^TxDl%py1j%8A1j%zAZg%yEye%DD1j%MF1j%eFDl%5DDl%WB3rDBysDBLsDB9tTBot8CCtPCCt2DCt_Dxt%rD7wxCjwABjwJzjwTyBv1yTu1yBt1y$suyRq%CzDl" /><g i="19" c="1302" p="#^Bxcq%5B1q9BHrFBhstCetEEetrGetfHBs3IXr3I0r3IdqoHGpXGgpREnoMCtnPBSmSAfmjAilMzkkMz1jMzMgoBhf1DOd7GOdhJOd$KhfKMLgVMcj%nJnjeJ4irIphFHJg5GJgAEJgWDfhhDNhhDCihDnjTDTjtEokwGhlBJCmrKrnILFoILAqILYsQJEuYHjwCEjwjCjwCAxvWyLudyntxx$rBxcq" /><g i="20" c="1303" p="#^Bz1j%VC1j%ECmkIDujDE6jyFKiCGKiEIKiTJ8k7Lxl7Ljo7LQr_Ieu8HjwEEjw3CjwLAdu%lzXA%SvXA^HBsqHB_rqCQs9DGtaEGt1FGtQF2tEGpsaHYqJHupJHeoJHNm0H0mjGeleFeleEelpDYlBCFm8C2oHBqpHBsq" /><g i="21" c="1304" p="#^wxCqwx0nxzTkzBKiTEKiKHKilJjkZKUlZKzoZKJrYI0uXGjwzDjwKBjwjAAvUyRucyvtwx9swxCq^uH6ouHTmLG7m1GnlUEnlLDnlTC4m$BMmwB6o1Bsp1BAq1BZrNBOsxCCtGDCt6FCt5GnsuHDquH6o" /></glyphs></font><font id="70" name="ArialItalic Charset1 5rnJd0HgeIm"><glyphs><g i="0" c="880" p="%^sx$vbB5ezD5eQz$v" /><g i="1" c="881" p="#^Qw$v%xz1j%KB1j%iBalxCNjvDgjtEKiCFKiPGKiDHnjrI0kII9lHJXjNKljTLKi5NKiJOKixPvjlQgklQGllQgm3QEn%hO$v%5M$v%TNpn6Omm6OVl6OglINVkiNykzMykALykyK8lwJKlXIJmnIHnYHIp%DG$v%rE$v%gGensGlmsGYlsGkl2GXkFFyk1Fyk4Eyk2D8l0CKlmBPmJATnjASp%0z$v" /><g i="2" c="882" p="%^$zBgxA5eJC5ecCBg^Ow$vvz1jIB1j_y$v" /><g i="3" c="883" p="#^$Bcu%DB$vRAdw5AdwNydw$xzvpx4vpxeupxOtKxgs%jzKk%zxKk%Wx1j%Gz1j%kARf%SCke%TB1j%2E1j%GDKk%wBKk%0AUrKzgtKzxtKzWtYz8uaAluHAluqBlu$Bcu" /><g i="4" c="886" p="#^AFnuqEnvmDRviCiw4Biwhziwbyev5xau5xxs5xrrAxCq4yMpUygpJzLoVAxoEBooJDjoOFdoIGSnZGYmZGmmZGBlpG9lDFyk9EykMCykTBal_ANlBAWm%nyJm2zNkxAMj0CKigEKiGGKi4ITj9JKk9J5m9J8nRIvo%7IKrOHgtOHeuOHRu3I$v%QF$vEFmvAFnu^nGqpWFCpoFIpSEOpCDVpGB4qTAlq4ACqGzbrhzMrhzsshzotWz$tzABuLBBuRCBuSD0uUEqttFos2GlrnGqp" /><g i="5" c="887" p="#^dx4rdxgnrzNkhBKihEKiDGKi3IckvJFlvJ9ovJoqBIjsHHeu0GgvmEiwwCiw$AiwLzFvwy$uSxPtdxDsdx4r^qzSqqzHsiAEtaBBuxCBueDBuWDjuDE0udFrtQFRsfG5sGGkrWGtqjHfpjH8ojHnmqGplxFrkbErk9DrkiCXkrBqlLAnm3AknKzBoqzSpqzSq" /><g i="6" c="888" p="#^Qw$v%xz1j%yB1j%4BhloCYjxDljHEKiUFKiuHKioIBjiJskiJUliJCmYI9o%cH$v%0F$v%QGMn5Hzm5H$l5HllEGYkbGykkFykCDykfCMlVA_mhAYp%0z$v" /><g i="7" c="889" p="%^4x$vPA5ePN5enN7gMC7gBBJl$LJlALLnaBLnTzZtcLZtMK$v" /><g i="8" c="895" p="#^GFEtlDiwUAiwoziwtyrvyxzuyxjtyxvs$xwq%Iz1j%VB1j%0AprNztsNz2tNzJteA6uHAuuzBuuvCuupD1ujEAtYEPsCF2s0G$qiGkqFGFo%UH1j%5K1j%dH$v%bF$v" /><g i="9" c="896" p="%^Gw$vqA5eCC5eTy$v" /><g i="10" c="897" p="#^5A$v%_x1j%7A1j%eB9qqBkrHBZtkCBsjDPq%FH1j%_J1j%yC$v" /><g i="11" c="898" p="%^4x$vPA5ebD5eTzZt6JZtHI$v" /><g i="12" c="899" p="#^2xAr%gzrrgzosyz3tRzKtDAaupBBusCBuWDBuFE$toFptoFCsoF2sXExruE0rKCgq_AwpvAcpHzIogz1oSylnSytmSyWk4AQjiBKiuDKiWFKibHSjtI_kxIRm%nG_mjGOlxF7lLErkkDrkbCrkyBZkWAulWA5mWAImtBanQBunmD9oUFfpyGUpCHVqCHmsCHkt0HfuqGavcFKv$DiwlCiw6AiwxyavZw3u2xAr" /><g i="13" c="907" p="#^lGCr%vIQr1IqtmGSuIEiwoCiwYAiwLzDvyyYuWxHtixqsixOqixGogyGmfzGkPAIjnCKicEKiwGKiVHakiJCliJ5oiJ2p7J3q%Az3qxzrqxzKqxzzsmAxtcBuupCuuxDuuDELtKF$slGCr^Wzno%cHnodH1odHTndHcmnGklyFrkfErkQCrkFBqlvAomWzno" /><g i="14" c="909" p="#" /><g i="15" c="930" p="#^Rw$v%AA5e%MC5e%lBZkyCMjBDfjEEKiLFKikHKicIBj5Jrk5JQl5JwmGIlo%$G$v%PE$v%xG7oVGqmVG_lVGlltGYk1GykdFyk2EykZCalVBOliBUmIA_ncAqq%1z$v" /><g i="16" c="975" p="#^Rw$v%yz1j%wB1j%YAGlZBakWCsjTDKiTEKiyFKivGdj%BFgl1FRklERkbDRkYB8mJAqn$zOq%Xy$v" /><g i="17" c="1300" p="#^Rw$v%AA5e%MC5e%rBuktCwjiD7j7EKi1FKiOGKi_H5kaJrlaJ1oaJLpHIbrcICsvHAtOGyu1G8vhFJvvE$vJDiw$CiwKBiwNADvQzXuizzt%Ny$v^5AHq%4A6r4ALsRADtDBuuMCuuUDuuQEGtMFSsnG8r_Gpp_GYn_GjmdGqlsFwkkEwkbDwkdCrlfBmmBAho5AJp5AHq" /><g i="18" c="1301" p="#^iz$v%Xx1j%3A1j%EARo%SA7sUAusXACtkBmsABIrQB1roCOp%uF1j%UH1j%iIwppI_qqIst1JPrqKVo%bN1j%pP1j%4J$v%NG$v%iGoofGGndGDlIFWm1Fro%CB$v" /><g i="19" c="1302" p="#^4LHp%sN0qkM6taKIu1IiwmFiw5CiwbAjuhyjshyBohyMjaBCgMDOdCHOdsKOddMkf_NRggOqj%1MDjGLHhzKKgsJNfJHNfrENfpCHiFAclFAEoFApr$BSsmDjuxFjuoHjuUI6toKUr4LHp" /><g i="20" c="1303" p="#^MFhr%_Hwr8HXtCF7v4Eiw7Ciw0AiwIyWupxytpx5rpxZoeyWm4zSkEAOjdCKieEKijGKixHVjMI4lMI1n%BGanAGXlTFflaFyk1EykHCykJBolLAembAYnEzGpEzfrEzWsmAMt5BBuaCBueDBudENtcFYsMFhr" /><g i="21" c="1304" p="%^Sw$vBA5eOC5euAbpWG1jRJ1jjESnFH$veF$vDCkpYzFr2z$v" /><g i="22" c="1305" p="#^4x$v%PA5e%wG5e4I5eQIde3KqeVKXeMLsfeMmgIMfhIMliIMPjTLXk3L3moJFmRK7nzL4oiM1piMkqiMPrqLatyKwu6JgvHH$vXF$v^BBLl%pFLl8ILliJWktK4ktKuitKJh5KahJJDg5JngtI7gMG7g%MC7g^TzZt%6EZtNFZtnGRtyHFtgIbt$IJsqJYrSJarSJlqSJ4p2JroeINnWFNn%9BNn" /><g i="23" c="1310" p="#^$v$A%8wWyPw7ztx7z7y7zyyPy4zpyJzix%qA1w%gy1j%rA1j%pBBpIBxrVBut%JH1j%0K1j%LBJxzASzDzzAIygBvxgBJwgB$v$A" /><g i="24" c="1311" p="#^TzGg%pAae%VCae%sCng1Cji9BdjiA7k6zhk%jzjjLAVieBGg" /><g i="25" c="1312" p="#^AFph%1FVj%xCVj%$CIhoDLfgERe8FWdkGOd%7GLeIE8fcEph^HBph%8BVj%EyVj%6zIhvzLfnARefBWdrCOd%eCLePA8fjAph" /><g i="26" c="1313" p="#^Mxcq%6A_p%4ABq4AEryAvs1Bmt7CRtdDjuKEjuTGju$Hnt8Jqs8Jdr8JnqxIGpWH_ocFPn5DVmkCqm7BDlyAHk_zLj_zzi_zbhKA4guBYeXCnepEOdeGOdqIOdWJxeqLff5MugNMIhNMPiNMWiMMaj%tKmjtKCikKai4KqhzJVg3Jog9I5ggHNf9GNfcENf7DFgiCkhiCriiC5jDCDjZC8kSDEkvE_kTG1mOIUmxJnnvK1o1LYozLTpzL2rzLvsGKKtNJYudIDvFGiwFEiwCBiwHzZuMxEtMxcq" /><g i="27" c="1314" p="%^Zv$vCBrpny1jPA1jVBkl#xCDm0DPnLG1jsJ1j$DBpgH$vQE$vwDmt#6DwsBChrKy$v" /><g i="28" c="1315" p="#^nzGg%Vzae%pCae%YBngxBjiFAdjOz7kCyhk%PyjjfAViKAGg^oDGg%WDae%qGae%YFngyFjiGEdjOD7kDChk%PCjjfEViLEGg" /><g i="29" c="1316" p="#^AF6uGDiwCBiwMziwxyXujxztjxZqjxCohyFmfzHkIAJjaCKiEDKi3GKiiH3l%MI5e%YK5e%dH$v%bF$v^vzzqvzWrMzIs1AutGA0ukBxueCxuLDxuZEYsDGUqDGQnDGhmPFql$EykNDykZCykjCVkFBfl0B6mnAYmXzgovzzpvzzq" /><g i="30" c="1317" p="%^OB$v6F7g6z7gxz5eKN5ejN7guH7gaE$v" /><g i="31" c="1318" p="#^4x$v%tzKk%wxKk%Tx1j%Qz1j%cAbhvAOfPAbf7BAePBbewCOdKDOdAEOdaG8e%MF4gEENfUDNfeDNfUC6gzCqgkCEh%1C1j%xE1j%aEKk%GBKk%hz$v" /><g i="32" c="1319" p="#^ZA5e%lD5e%3B5pNAtqNA7rNAzsVBrt2DjuMEju7GjuiHHttI2t8JQrQJCqoKYn%sM5e%SO5e%FMBo5MhraLRsgKpuEImv1HiwUEiwSCiwnBDvUzYu9zNtqyBsqy5rqy9qWySn" /><g i="33" c="1320" p="#^tv$v%CF5e%tI5e%pL$v%5J$v%eIRq%$ARq%6y$v^0C$o%YH$o%fHvkQGQhJG2g7GAhXEHj" /></glyphs></font></bwFonts>